,id,date
0,16938574,2022-09-01
1,16938574,2022-08-01
2,16938574,2022-07-01
3,16938574,2022-07-01
4,16938574,2022-06-01
5,16938574,2022-06-01
6,16938574,2022-06-01
7,16938574,2022-04-01
8,16938574,2021-09-01
9,16938574,2021-08-01
10,16938574,2021-07-01
11,16938574,2021-07-01
12,16938574,2021-07-01
13,16938574,2021-07-01
14,16938574,2021-06-01
15,16938574,2021-06-01
16,16938574,2021-05-01
17,16938574,2020-09-01
18,16938574,2020-09-01
19,16938574,2020-09-01
20,16938574,2020-08-01
21,16938574,2020-08-01
22,16938574,2020-07-01
23,16938574,2020-07-01
24,16938574,2020-07-01
25,16938574,2020-06-01
26,16938574,2020-06-01
27,16938574,2019-11-01
28,16938574,2019-07-01
29,16938574,2018-09-01
30,16938574,2018-08-01
31,16938574,2018-06-01
32,16938574,2018-04-01
33,16938574,2018-03-01
34,16938574,2017-06-01
35,16938574,2017-05-01
36,16938574,2017-05-01
37,16938574,2022-09-01
38,16938574,2022-09-01
39,16938574,2022-08-01
40,16938574,2022-07-01
41,16938574,2022-07-01
42,16938574,2022-07-01
43,16938574,2022-07-01
44,16938574,2022-06-01
45,16938574,2022-05-01
46,16938574,2022-01-01
47,16938574,2021-11-01
48,16938574,2021-10-01
49,16938574,2021-09-01
50,16938574,2021-09-01
51,16938574,2021-09-01
52,16938574,2021-09-01
53,16938574,2021-07-01
54,16938574,2021-06-01
55,16938574,2021-06-01
56,16938574,2020-09-01
57,16938574,2020-07-01
58,16938574,2019-10-01
59,16938574,2019-09-01
60,16938574,2019-09-01
61,16938574,2019-09-01
62,16938574,2019-09-01
63,16938574,2019-08-01
64,16938574,2019-08-01
65,16938574,2019-08-01
66,16938574,2019-07-01
67,16938574,2019-07-01
68,16938574,2019-07-01
69,16938574,2019-07-01
70,16938574,2019-06-01
71,16938574,2019-06-01
72,16938574,2019-06-01
73,16938574,2019-05-01
74,16938574,2019-05-01
75,16938574,2019-05-01
76,16938574,2019-04-01
77,16938574,2019-04-01
78,16938574,2019-04-01
79,16938574,2019-04-01
80,16938574,2019-03-01
81,16938574,2019-03-01
82,16938574,2018-10-01
83,16938574,2018-09-01
84,16938574,2018-09-01
85,16938574,2018-09-01
86,16938574,2018-09-01
87,16938574,2018-08-01
88,16938574,2018-08-01
89,16938574,2018-07-01
90,16938574,2018-07-01
91,16938574,2018-06-01
92,16938574,2018-06-01
93,16938574,2018-06-01
94,16938574,2018-06-01
95,16938574,2018-06-01
96,16938574,2018-06-01
97,16938574,2018-05-01
98,16938574,2018-05-01
99,16938574,2018-05-01
100,16938574,2018-04-01
101,16938574,2018-03-01
102,16938574,2017-10-01
103,16938574,2017-10-01
104,16938574,2017-09-01
105,16938574,2017-09-01
106,16938574,2017-09-01
107,16938574,2017-09-01
108,16938574,2017-09-01
109,16938574,2017-08-01
110,16938574,2017-08-01
111,16938574,2017-08-01
112,16938574,2017-07-01
113,16938574,2017-07-01
114,16938574,2017-07-01
115,16938574,2017-07-01
116,16938574,2017-06-01
117,16938574,2017-05-01
118,16938574,2017-05-01
119,16938574,2017-04-01
120,16938574,2017-04-01
121,16938574,2017-04-01
122,16938574,2017-04-01
123,16938574,2017-04-01
124,16938574,2017-04-01
125,713387525175092014,2022-09-01
126,713387525175092014,2022-09-01
127,41277463,2022-07-01
128,41277463,2022-06-01
129,41277463,2022-05-01
130,41277463,2021-08-01
131,41277463,2021-07-01
132,41277463,2021-05-01
133,41277463,2022-09-01
134,41277463,2022-08-01
135,41277463,2022-07-01
136,41277463,2022-06-01
137,41277463,2022-05-01
138,41277463,2022-05-01
139,41277463,2022-04-01
140,41277463,2021-09-01
141,41277463,2021-08-01
142,41277463,2021-07-01
143,41277463,2021-06-01
144,41277463,2021-05-01
145,5120219,2022-07-01
146,5120219,2022-06-01
147,5120219,2021-07-01
148,5120219,2021-06-01
149,5120219,2017-07-01
150,5120219,2016-06-01
151,5120219,2022-09-01
152,5120219,2022-06-01
153,5120219,2022-06-01
154,5120219,2021-10-01
155,5120219,2021-10-01
156,5120219,2021-07-01
157,5120219,2019-10-01
158,5120219,2019-09-01
159,5120219,2019-09-01
160,5120219,2019-07-01
161,5120219,2019-07-01
162,5120219,2018-08-01
163,5120219,2018-08-01
164,5120219,2018-07-01
165,5120219,2018-06-01
166,5120219,2018-05-01
167,5120219,2017-09-01
168,5120219,2017-09-01
169,5120219,2017-08-01
170,5120219,2017-08-01
171,5120219,2017-07-01
172,5120219,2017-07-01
173,5120219,2017-07-01
174,5120219,2017-07-01
175,5120219,2017-06-01
176,5120219,2017-05-01
177,5120219,2017-04-01
178,5120219,2016-08-01
179,5120219,2016-07-01
180,5120219,2016-07-01
181,5120219,2016-06-01
182,5120219,2016-05-01
183,5120219,2016-05-01
184,5120219,2016-04-01
185,5120219,2015-10-01
186,5120219,2015-09-01
187,5120219,2015-09-01
188,5120219,2015-06-01
189,5120219,2015-05-01
190,10464653,2021-09-01
191,10464653,2021-09-01
192,10464653,2021-09-01
193,10464653,2021-09-01
194,10464653,2021-07-01
195,10464653,2021-07-01
196,10464653,2021-06-01
197,10464653,2021-06-01
198,10464653,2021-06-01
199,10464653,2021-06-01
200,10464653,2021-05-01
201,10464653,2021-05-01
202,10464653,2020-12-01
203,10464653,2020-09-01
204,10464653,2020-09-01
205,10464653,2020-08-01
206,10464653,2020-08-01
207,10464653,2019-09-01
208,10464653,2019-06-01
209,10464653,2019-06-01
210,10464653,2019-06-01
211,10464653,2019-04-01
212,10464653,2018-09-01
213,10464653,2018-09-01
214,10464653,2018-05-01
215,10464653,2017-04-01
216,10464653,2016-10-01
217,10464653,2016-06-01
218,10464653,2016-06-01
219,10464653,2016-06-01
220,10464653,2016-06-01
221,10464653,2016-05-01
222,10464653,2016-03-01
223,10464653,2022-09-01
224,10464653,2022-09-01
225,10464653,2021-09-01
226,10464653,2021-08-01
227,10464653,2021-08-01
228,10464653,2021-05-01
229,10464653,2019-10-01
230,10464653,2019-10-01
231,10464653,2019-04-01
232,10464653,2019-01-01
233,10464653,2018-10-01
234,10464653,2018-09-01
235,10464653,2018-06-01
236,10464653,2018-05-01
237,10464653,2017-11-01
238,10464653,2017-11-01
239,10464653,2017-09-01
240,10464653,2017-06-01
241,10464653,2017-05-01
242,10464653,2017-05-01
243,10464653,2017-04-01
244,10464653,2016-10-01
245,10464653,2016-09-01
246,10464653,2016-09-01
247,10464653,2016-06-01
248,10464653,2016-06-01
249,10464653,2016-05-01
250,10464653,2016-05-01
251,10464653,2016-04-01
252,7111406,2022-08-01
253,7111406,2022-07-01
254,7111406,2022-06-01
255,7111406,2022-06-01
256,7111406,2021-07-01
257,7111406,2021-07-01
258,7111406,2021-06-01
259,7111406,2020-08-01
260,7111406,2020-08-01
261,7111406,2020-07-01
262,7111406,2019-07-01
263,7111406,2019-06-01
264,7111406,2018-08-01
265,7111406,2018-06-01
266,7111406,2022-08-01
267,7111406,2022-07-01
268,7111406,2022-07-01
269,7111406,2022-06-01
270,7111406,2022-05-01
271,7111406,2022-05-01
272,7111406,2022-05-01
273,7111406,2022-05-01
274,7111406,2022-04-01
275,7111406,2022-04-01
276,7111406,2022-01-01
277,7111406,2021-11-01
278,7111406,2021-09-01
279,7111406,2021-09-01
280,7111406,2021-07-01
281,7111406,2021-06-01
282,7111406,2021-06-01
283,7111406,2021-06-01
284,7111406,2020-10-01
285,7111406,2020-10-01
286,7111406,2020-10-01
287,7111406,2020-10-01
288,7111406,2020-09-01
289,7111406,2020-09-01
290,7111406,2020-09-01
291,7111406,2020-09-01
292,7111406,2020-08-01
293,7111406,2020-07-01
294,7111406,2020-07-01
295,7111406,2019-09-01
296,7111406,2019-09-01
297,7111406,2019-09-01
298,7111406,2019-08-01
299,7111406,2019-08-01
300,7111406,2019-08-01
301,7111406,2019-08-01
302,7111406,2019-07-01
303,7111406,2019-07-01
304,7111406,2019-07-01
305,7111406,2019-07-01
306,7111406,2019-06-01
307,7111406,2019-05-01
308,7111406,2019-04-01
309,7111406,2018-09-01
310,7111406,2018-07-01
311,7111406,2017-09-01
312,7111406,2017-07-01
313,7111406,2017-07-01
314,7111406,2017-06-01
315,7111406,2016-09-01
316,7111406,2016-08-01
317,7111406,2016-08-01
318,7111406,2016-08-01
319,7111406,2016-07-01
320,7111406,2016-05-01
321,7111406,2015-08-01
322,7111406,2015-08-01
323,635213143850567152,2022-08-01
324,635213143850567152,2022-06-01
325,635213143850567152,2022-09-01
326,635213143850567152,2022-09-01
327,635213143850567152,2022-08-01
328,635213143850567152,2022-06-01
329,635213143850567152,2022-06-01
330,51568289,2022-07-01
331,51568289,2022-01-01
332,51568289,2021-09-01
333,51568289,2022-09-01
334,51568289,2022-06-01
335,51568289,2022-05-01
336,51568289,2022-05-01
337,51568289,2022-04-01
338,51568289,2022-04-01
339,51568289,2022-04-01
340,51568289,2022-04-01
341,51568289,2022-03-01
342,51568289,2022-03-01
343,51568289,2021-10-01
344,51568289,2021-09-01
345,51568289,2021-09-01
346,51568289,2021-09-01
347,44011022,2022-09-01
348,44011022,2022-05-01
349,44011022,2022-04-01
350,44011022,2021-09-01
351,44011022,2021-09-01
352,44011022,2021-07-01
353,44011022,2020-09-01
354,44011022,2020-09-01
355,44011022,2020-07-01
356,44011022,2022-09-01
357,44011022,2022-08-01
358,44011022,2022-07-01
359,44011022,2022-06-01
360,44011022,2022-06-01
361,44011022,2022-06-01
362,44011022,2022-06-01
363,44011022,2022-06-01
364,44011022,2022-06-01
365,44011022,2022-06-01
366,44011022,2022-05-01
367,44011022,2022-05-01
368,44011022,2022-04-01
369,44011022,2022-04-01
370,44011022,2022-03-01
371,44011022,2022-02-01
372,44011022,2022-01-01
373,44011022,2021-12-01
374,44011022,2021-10-01
375,44011022,2021-10-01
376,44011022,2021-09-01
377,44011022,2021-08-01
378,44011022,2021-07-01
379,44011022,2021-06-01
380,44011022,2021-05-01
381,44011022,2020-09-01
382,44011022,2020-08-01
383,44011022,2020-07-01
384,12110320,2022-08-01
385,12110320,2022-08-01
386,12110320,2022-06-01
387,12110320,2020-03-01
388,12110320,2019-12-01
389,12110320,2019-12-01
390,12110320,2019-06-01
391,12110320,2019-06-01
392,12110320,2019-05-01
393,12110320,2019-03-01
394,12110320,2019-02-01
395,12110320,2019-02-01
396,12110320,2019-02-01
397,12110320,2019-02-01
398,12110320,2018-12-01
399,12110320,2018-01-01
400,12110320,2017-09-01
401,12110320,2022-07-01
402,12110320,2022-07-01
403,12110320,2022-06-01
404,12110320,2022-06-01
405,12110320,2022-05-01
406,12110320,2022-04-01
407,12110320,2021-10-01
408,12110320,2021-10-01
409,12110320,2021-10-01
410,12110320,2021-10-01
411,12110320,2020-09-01
412,12110320,2020-08-01
413,12110320,2020-07-01
414,12110320,2020-06-01
415,12110320,2020-02-01
416,12110320,2020-02-01
417,12110320,2020-02-01
418,12110320,2020-01-01
419,12110320,2019-10-01
420,12110320,2019-10-01
421,12110320,2019-10-01
422,12110320,2019-10-01
423,12110320,2019-10-01
424,12110320,2019-09-01
425,12110320,2019-09-01
426,12110320,2019-09-01
427,12110320,2019-09-01
428,12110320,2019-08-01
429,12110320,2019-07-01
430,12110320,2019-06-01
431,12110320,2019-06-01
432,12110320,2019-06-01
433,12110320,2019-05-01
434,12110320,2019-05-01
435,12110320,2019-05-01
436,12110320,2019-04-01
437,12110320,2019-04-01
438,12110320,2019-03-01
439,12110320,2019-03-01
440,12110320,2019-03-01
441,12110320,2019-03-01
442,12110320,2019-03-01
443,12110320,2019-02-01
444,12110320,2019-02-01
445,12110320,2019-01-01
446,12110320,2018-10-01
447,12110320,2018-10-01
448,12110320,2018-10-01
449,12110320,2018-10-01
450,12110320,2018-10-01
451,12110320,2018-10-01
452,12110320,2018-10-01
453,12110320,2018-09-01
454,12110320,2018-09-01
455,12110320,2018-09-01
456,12110320,2018-08-01
457,12110320,2018-05-01
458,12110320,2018-05-01
459,12110320,2018-05-01
460,12110320,2018-03-01
461,12110320,2018-03-01
462,12110320,2018-03-01
463,12110320,2018-03-01
464,12110320,2018-03-01
465,12110320,2018-02-01
466,12110320,2018-02-01
467,12110320,2018-02-01
468,12110320,2018-02-01
469,12110320,2018-01-01
470,12110320,2017-10-01
471,12110320,2017-09-01
472,12110320,2017-09-01
473,12110320,2017-08-01
474,12110320,2017-07-01
475,12110320,2017-06-01
476,12110320,2017-05-01
477,12110320,2017-05-01
478,12110320,2017-05-01
479,12110320,2017-04-01
480,12110320,2016-10-01
481,29959243,2022-09-01
482,29959243,2021-07-01
483,29959243,2021-07-01
484,29959243,2021-06-01
485,29959243,2021-06-01
486,29959243,2020-08-01
487,29959243,2020-07-01
488,29959243,2020-07-01
489,29959243,2019-06-01
490,29959243,2019-06-01
491,29959243,2022-07-01
492,29959243,2021-09-01
493,29959243,2021-09-01
494,29959243,2021-07-01
495,29959243,2020-09-01
496,29959243,2020-01-01
497,29959243,2019-10-01
498,29959243,2019-09-01
499,29959243,2019-08-01
500,29959243,2019-04-01
501,24150883,2022-09-01
502,24150883,2022-07-01
503,24150883,2022-01-01
504,24150883,2021-07-01
505,24150883,2020-08-01
506,24150883,2019-06-01
507,24150883,2018-08-01
508,24150883,2018-08-01
509,24150883,2022-06-01
510,24150883,2022-04-01
511,24150883,2021-10-01
512,24150883,2021-07-01
513,24150883,2021-06-01
514,24150883,2020-09-01
515,24150883,2019-10-01
516,24150883,2019-09-01
517,24150883,2019-09-01
518,24150883,2019-08-01
519,24150883,2019-06-01
520,24150883,2019-04-01
521,24150883,2018-06-01
522,18627117,2022-06-01
523,18627117,2022-06-01
524,18627117,2021-08-01
525,18627117,2020-07-01
526,18627117,2019-08-01
527,18627117,2019-06-01
528,18627117,2019-04-01
529,18627117,2018-11-01
530,18627117,2018-04-01
531,18627117,2017-09-01
532,18627117,2017-07-01
533,18627117,2017-06-01
534,18627117,2022-09-01
535,18627117,2022-09-01
536,18627117,2022-08-01
537,18627117,2022-07-01
538,18627117,2022-06-01
539,18627117,2022-06-01
540,18627117,2022-04-01
541,18627117,2021-11-01
542,18627117,2021-09-01
543,18627117,2021-09-01
544,18627117,2021-08-01
545,18627117,2021-07-01
546,18627117,2021-07-01
547,18627117,2021-07-01
548,18627117,2021-07-01
549,18627117,2021-07-01
550,18627117,2021-07-01
551,18627117,2021-05-01
552,18627117,2020-08-01
553,18627117,2020-08-01
554,18627117,2020-07-01
555,18627117,2019-10-01
556,18627117,2019-09-01
557,18627117,2019-09-01
558,18627117,2019-08-01
559,18627117,2019-07-01
560,18627117,2019-07-01
561,18627117,2019-07-01
562,18627117,2019-07-01
563,18627117,2019-06-01
564,18627117,2019-05-01
565,18627117,2019-05-01
566,18627117,2019-05-01
567,18627117,2019-04-01
568,18627117,2018-10-01
569,18627117,2018-09-01
570,18627117,2018-09-01
571,18627117,2018-09-01
572,18627117,2018-09-01
573,18627117,2018-08-01
574,18627117,2018-08-01
575,18627117,2018-08-01
576,18627117,2018-07-01
577,18627117,2018-07-01
578,18627117,2018-06-01
579,18627117,2018-06-01
580,18627117,2018-06-01
581,18627117,2018-05-01
582,18627117,2018-05-01
583,18627117,2018-05-01
584,18627117,2018-05-01
585,18627117,2018-05-01
586,18627117,2018-04-01
587,18627117,2018-04-01
588,18627117,2017-10-01
589,18627117,2017-09-01
590,18627117,2017-09-01
591,18627117,2017-08-01
592,18627117,2017-08-01
593,18627117,2017-08-01
594,18627117,2017-07-01
595,18627117,2017-06-01
596,18627117,2017-05-01
597,18278359,2022-09-01
598,18278359,2022-06-01
599,18278359,2021-09-01
600,18278359,2021-06-01
601,18278359,2019-04-01
602,18278359,2018-06-01
603,18278359,2022-09-01
604,18278359,2022-06-01
605,18278359,2022-06-01
606,18278359,2022-06-01
607,18278359,2022-05-01
608,18278359,2022-05-01
609,18278359,2022-04-01
610,18278359,2022-04-01
611,18278359,2019-07-01
612,18278359,2019-04-01
613,18278359,2018-09-01
614,18278359,2018-06-01
615,18278359,2018-06-01
616,18278359,2018-05-01
617,18278359,2018-05-01
618,18278359,2017-10-01
619,18278359,2017-09-01
620,18278359,2017-06-01
621,18278359,2017-06-01
622,18278359,2017-05-01
623,1648424,2022-05-01
624,1648424,2021-08-01
625,1648424,2021-07-01
626,1648424,2021-06-01
627,1648424,2021-06-01
628,1648424,2020-08-01
629,1648424,2020-07-01
630,1648424,2020-07-01
631,1648424,2020-07-01
632,1648424,2020-06-01
633,1648424,2020-06-01
634,1648424,2019-09-01
635,1648424,2017-06-01
636,1648424,2017-05-01
637,1648424,2017-04-01
638,1648424,2016-07-01
639,1648424,2016-04-01
640,1648424,2016-03-01
641,1648424,2015-04-01
642,1648424,2014-09-01
643,1648424,2014-05-01
644,1648424,2014-04-01
645,1648424,2014-04-01
646,1648424,2014-03-01
647,1648424,2014-03-01
648,1648424,2014-01-01
649,1648424,2022-09-01
650,1648424,2022-08-01
651,1648424,2022-08-01
652,1648424,2022-08-01
653,1648424,2022-07-01
654,1648424,2022-07-01
655,1648424,2022-07-01
656,1648424,2022-07-01
657,1648424,2022-06-01
658,1648424,2022-06-01
659,1648424,2022-05-01
660,1648424,2022-04-01
661,1648424,2022-04-01
662,1648424,2021-10-01
663,1648424,2021-10-01
664,1648424,2021-10-01
665,1648424,2021-09-01
666,1648424,2021-09-01
667,1648424,2021-09-01
668,1648424,2021-09-01
669,1648424,2021-07-01
670,1648424,2021-07-01
671,1648424,2021-07-01
672,1648424,2021-07-01
673,1648424,2021-06-01
674,1648424,2020-10-01
675,1648424,2020-10-01
676,1648424,2020-09-01
677,1648424,2020-09-01
678,1648424,2020-09-01
679,1648424,2020-09-01
680,1648424,2020-09-01
681,1648424,2020-07-01
682,1648424,2020-06-01
683,1648424,2019-10-01
684,1648424,2019-09-01
685,1648424,2019-09-01
686,1648424,2019-09-01
687,1648424,2019-09-01
688,1648424,2019-08-01
689,1648424,2019-08-01
690,1648424,2019-08-01
691,1648424,2019-08-01
692,1648424,2019-07-01
693,1648424,2019-07-01
694,1648424,2019-07-01
695,1648424,2019-07-01
696,1648424,2019-06-01
697,1648424,2019-06-01
698,1648424,2019-05-01
699,1648424,2019-05-01
700,1648424,2019-05-01
701,1648424,2019-04-01
702,1648424,2019-04-01
703,1648424,2019-04-01
704,1648424,2018-10-01
705,1648424,2018-09-01
706,1648424,2018-09-01
707,1648424,2018-09-01
708,1648424,2018-09-01
709,1648424,2018-09-01
710,1648424,2018-09-01
711,1648424,2018-08-01
712,1648424,2018-08-01
713,1648424,2018-07-01
714,1648424,2018-07-01
715,1648424,2018-07-01
716,1648424,2018-06-01
717,1648424,2018-06-01
718,1648424,2018-06-01
719,1648424,2018-06-01
720,1648424,2018-05-01
721,1648424,2018-05-01
722,1648424,2018-05-01
723,1648424,2018-04-01
724,1648424,2018-04-01
725,1648424,2017-11-01
726,1648424,2017-10-01
727,1648424,2017-10-01
728,1648424,2017-09-01
729,1648424,2017-09-01
730,1648424,2017-07-01
731,1648424,2017-07-01
732,1648424,2017-07-01
733,1648424,2017-06-01
734,1648424,2017-06-01
735,1648424,2017-06-01
736,1648424,2017-06-01
737,1648424,2017-05-01
738,1648424,2017-05-01
739,1648424,2017-05-01
740,1648424,2017-04-01
741,1648424,2017-04-01
742,1648424,2017-03-01
743,1648424,2016-10-01
744,1648424,2016-09-01
745,1648424,2016-09-01
746,1648424,2016-09-01
747,1648424,2016-09-01
748,1648424,2016-09-01
749,1648424,2016-09-01
750,1648424,2016-08-01
751,1648424,2016-08-01
752,1648424,2016-08-01
753,1648424,2016-07-01
754,1648424,2016-07-01
755,1648424,2016-07-01
756,1648424,2016-06-01
757,1648424,2016-06-01
758,1648424,2016-06-01
759,1648424,2016-05-01
760,1648424,2016-05-01
761,1648424,2016-05-01
762,1648424,2016-05-01
763,1648424,2016-04-01
764,1648424,2016-04-01
765,1648424,2016-03-01
766,1648424,2015-10-01
767,1648424,2015-10-01
768,1648424,2015-10-01
769,1648424,2015-10-01
770,1648424,2015-09-01
771,1648424,2015-09-01
772,1648424,2015-09-01
773,1648424,2015-09-01
774,1648424,2015-09-01
775,1648424,2015-08-01
776,1648424,2015-07-01
777,1648424,2015-07-01
778,1648424,2015-07-01
779,1648424,2015-07-01
780,1648424,2015-07-01
781,1648424,2015-06-01
782,1648424,2015-06-01
783,1648424,2015-06-01
784,1648424,2015-06-01
785,1648424,2015-05-01
786,1648424,2015-05-01
787,1648424,2015-05-01
788,1648424,2015-05-01
789,1648424,2015-04-01
790,1648424,2015-04-01
791,1648424,2015-04-01
792,1648424,2015-04-01
793,1648424,2015-03-01
794,1648424,2015-02-01
795,1648424,2015-01-01
796,1648424,2014-11-01
797,1648424,2014-10-01
798,1648424,2014-10-01
799,1648424,2014-10-01
800,1648424,2014-09-01
801,1648424,2014-09-01
802,1648424,2014-08-01
803,1648424,2014-08-01
804,1648424,2014-07-01
805,1648424,2014-07-01
806,1648424,2014-06-01
807,1648424,2014-06-01
808,1648424,2014-05-01
809,1648424,2014-05-01
810,1648424,2014-05-01
811,1648424,2014-05-01
812,1648424,2014-05-01
813,1648424,2014-04-01
814,1648424,2014-04-01
815,1648424,2014-03-01
816,1648424,2013-11-01
817,1648424,2013-11-01
818,1648424,2013-10-01
819,1648424,2013-10-01
820,1648424,2013-10-01
821,1648424,2013-09-01
822,627095585063611679,2022-06-01
823,10197874,2022-09-01
824,10197874,2022-08-01
825,10197874,2022-08-01
826,10197874,2022-07-01
827,10197874,2021-10-01
828,10197874,2021-09-01
829,10197874,2021-06-01
830,10197874,2019-09-01
831,10197874,2018-02-01
832,10197874,2017-06-01
833,10197874,2022-09-01
834,10197874,2022-08-01
835,10197874,2022-08-01
836,10197874,2022-08-01
837,10197874,2022-08-01
838,10197874,2022-06-01
839,10197874,2021-10-01
840,10197874,2019-10-01
841,10197874,2019-09-01
842,10197874,2019-06-01
843,10197874,2019-06-01
844,10197874,2019-04-01
845,10197874,2018-10-01
846,10197874,2018-10-01
847,10197874,2018-09-01
848,10197874,2018-07-01
849,10197874,2018-05-01
850,10197874,2017-09-01
851,10197874,2017-06-01
852,10197874,2017-06-01
853,10197874,2017-05-01
854,10197874,2017-04-01
855,10197874,2016-10-01
856,10197874,2016-10-01
857,10197874,2016-09-01
858,10197874,2016-07-01
859,10197874,2016-06-01
860,10197874,2016-06-01
861,554899511405439732,2022-04-01
862,554899511405439732,2022-09-01
863,554899511405439732,2022-06-01
864,554899511405439732,2022-04-01
865,685145902462990726,2022-08-01
866,11195886,2022-08-01
867,11195886,2022-07-01
868,11195886,2022-04-01
869,11195886,2022-01-01
870,11195886,2021-08-01
871,11195886,2021-07-01
872,11195886,2021-07-01
873,11195886,2021-06-01
874,11195886,2021-06-01
875,11195886,2021-06-01
876,11195886,2020-09-01
877,11195886,2020-09-01
878,11195886,2020-08-01
879,11195886,2020-03-01
880,11195886,2019-07-01
881,11195886,2019-06-01
882,11195886,2019-02-01
883,11195886,2018-09-01
884,11195886,2018-08-01
885,11195886,2018-07-01
886,11195886,2018-06-01
887,11195886,2017-08-01
888,11195886,2017-07-01
889,11195886,2017-06-01
890,11195886,2017-06-01
891,11195886,2016-11-01
892,11195886,2016-09-01
893,11195886,2016-08-01
894,11195886,2016-07-01
895,11195886,2016-06-01
896,11195886,2022-06-01
897,11195886,2022-06-01
898,11195886,2022-06-01
899,11195886,2022-05-01
900,11195886,2022-04-01
901,11195886,2021-11-01
902,11195886,2021-10-01
903,11195886,2021-10-01
904,11195886,2021-09-01
905,11195886,2021-09-01
906,11195886,2021-09-01
907,11195886,2021-07-01
908,11195886,2020-06-01
909,11195886,2019-11-01
910,11195886,2019-10-01
911,11195886,2019-09-01
912,11195886,2019-07-01
913,11195886,2019-07-01
914,11195886,2019-06-01
915,11195886,2019-05-01
916,11195886,2018-10-01
917,11195886,2018-09-01
918,11195886,2018-09-01
919,11195886,2018-09-01
920,11195886,2018-07-01
921,11195886,2018-04-01
922,11195886,2017-11-01
923,11195886,2017-10-01
924,11195886,2017-10-01
925,11195886,2017-09-01
926,11195886,2017-08-01
927,11195886,2017-05-01
928,11195886,2017-05-01
929,11195886,2017-04-01
930,11195886,2017-04-01
931,11195886,2017-04-01
932,11195886,2016-12-01
933,11195886,2016-10-01
934,11195886,2016-10-01
935,11195886,2016-09-01
936,11195886,2016-08-01
937,11195886,2016-07-01
938,11195886,2016-07-01
939,11195886,2016-07-01
940,11195886,2016-07-01
941,11195886,2016-07-01
942,11195886,2016-04-01
943,32585681,2019-07-01
944,32585681,2022-07-01
945,50772894,2022-09-01
946,50772894,2021-10-01
947,50772894,2022-07-01
948,50772894,2021-10-01
949,50772894,2021-08-01
950,50772894,2021-08-01
951,50772894,2021-07-01
952,50772894,2021-07-01
953,19104945,2022-06-01
954,19104945,2021-09-01
955,19104945,2021-06-01
956,19104945,2021-06-01
957,19104945,2021-06-01
958,19104945,2020-08-01
959,19104945,2020-08-01
960,19104945,2020-08-01
961,19104945,2020-08-01
962,19104945,2020-07-01
963,19104945,2020-07-01
964,19104945,2020-06-01
965,19104945,2020-06-01
966,19104945,2020-03-01
967,19104945,2019-10-01
968,19104945,2019-09-01
969,19104945,2019-08-01
970,19104945,2019-08-01
971,19104945,2019-01-01
972,19104945,2018-09-01
973,19104945,2018-07-01
974,19104945,2018-06-01
975,19104945,2018-05-01
976,19104945,2018-04-01
977,19104945,2018-04-01
978,19104945,2017-09-01
979,19104945,2022-09-01
980,19104945,2022-09-01
981,19104945,2022-09-01
982,19104945,2022-06-01
983,19104945,2022-06-01
984,19104945,2022-05-01
985,19104945,2022-04-01
986,19104945,2022-03-01
987,19104945,2021-09-01
988,19104945,2021-09-01
989,19104945,2021-07-01
990,19104945,2020-07-01
991,19104945,2020-07-01
992,19104945,2020-07-01
993,19104945,2020-06-01
994,19104945,2020-01-01
995,19104945,2019-11-01
996,19104945,2019-10-01
997,19104945,2019-10-01
998,19104945,2019-09-01
999,19104945,2019-09-01
1000,19104945,2019-09-01
1001,19104945,2019-08-01
1002,19104945,2019-08-01
1003,19104945,2019-07-01
1004,19104945,2019-07-01
1005,19104945,2019-06-01
1006,19104945,2019-06-01
1007,19104945,2019-06-01
1008,19104945,2019-06-01
1009,19104945,2019-05-01
1010,19104945,2019-05-01
1011,19104945,2019-04-01
1012,19104945,2018-10-01
1013,19104945,2018-10-01
1014,19104945,2018-10-01
1015,19104945,2018-09-01
1016,19104945,2018-09-01
1017,19104945,2018-09-01
1018,19104945,2018-08-01
1019,19104945,2018-08-01
1020,19104945,2018-08-01
1021,19104945,2018-08-01
1022,19104945,2018-07-01
1023,19104945,2018-06-01
1024,19104945,2018-06-01
1025,19104945,2018-06-01
1026,19104945,2018-05-01
1027,19104945,2018-05-01
1028,19104945,2018-05-01
1029,19104945,2018-05-01
1030,19104945,2018-04-01
1031,19104945,2018-04-01
1032,19104945,2018-04-01
1033,19104945,2017-10-01
1034,19104945,2017-10-01
1035,19104945,2017-10-01
1036,19104945,2017-09-01
1037,19104945,2017-09-01
1038,19104945,2017-09-01
1039,19104945,2017-09-01
1040,19104945,2017-08-01
1041,19104945,2017-06-01
1042,19104945,2017-06-01
1043,19104945,2017-06-01
1044,5072477,2022-04-01
1045,5072477,2021-11-01
1046,5072477,2020-09-01
1047,5072477,2020-07-01
1048,5072477,2022-06-01
1049,5072477,2022-06-01
1050,5072477,2022-06-01
1051,5072477,2022-05-01
1052,5072477,2022-04-01
1053,5072477,2021-10-01
1054,5072477,2021-09-01
1055,5072477,2021-08-01
1056,5072477,2021-07-01
1057,5072477,2021-06-01
1058,5072477,2019-09-01
1059,5072477,2019-08-01
1060,5072477,2019-05-01
1061,5072477,2018-11-01
1062,5072477,2018-09-01
1063,5072477,2018-07-01
1064,5072477,2017-11-01
1065,5072477,2017-10-01
1066,5072477,2017-09-01
1067,5072477,2017-08-01
1068,5072477,2017-07-01
1069,5072477,2017-05-01
1070,5072477,2017-05-01
1071,5072477,2017-03-01
1072,5072477,2016-11-01
1073,5072477,2016-09-01
1074,5072477,2016-06-01
1075,5072477,2016-02-01
1076,5072477,2015-10-01
1077,5072477,2015-09-01
1078,5072477,2015-04-01
1079,5072477,2015-04-01
1080,20810860,2022-09-01
1081,20810860,2022-04-01
1082,20810860,2022-09-01
1083,20810860,2021-09-01
1084,10823542,2022-08-01
1085,10823542,2022-08-01
1086,10823542,2022-06-01
1087,10823542,2021-09-01
1088,10823542,2021-09-01
1089,10823542,2021-08-01
1090,10823542,2020-09-01
1091,10823542,2019-07-01
1092,10823542,2019-07-01
1093,10823542,2022-05-01
1094,10823542,2022-04-01
1095,10823542,2020-07-01
1096,10823542,2016-06-01
1097,655669680272832653,2022-07-01
1098,655669680272832653,2022-07-01
1099,655669680272832653,2022-09-01
1100,655669680272832653,2022-08-01
1101,655669680272832653,2022-08-01
1102,48279626,2022-09-01
1103,48279626,2022-07-01
1104,48279626,2022-07-01
1105,48279626,2022-01-01
1106,48279626,2021-11-01
1107,48279626,2021-10-01
1108,48279626,2021-09-01
1109,48279626,2021-08-01
1110,48279626,2021-08-01
1111,48279626,2021-07-01
1112,48279626,2021-07-01
1113,48279626,2021-07-01
1114,48279626,2022-09-01
1115,48279626,2022-09-01
1116,48279626,2022-08-01
1117,48279626,2022-08-01
1118,48279626,2022-07-01
1119,48279626,2022-07-01
1120,48279626,2022-06-01
1121,48279626,2022-06-01
1122,48279626,2022-05-01
1123,48279626,2022-05-01
1124,48279626,2022-05-01
1125,48279626,2022-05-01
1126,48279626,2022-04-01
1127,48279626,2022-04-01
1128,48279626,2022-04-01
1129,48279626,2022-04-01
1130,48279626,2022-01-01
1131,48279626,2021-12-01
1132,48279626,2021-10-01
1133,48279626,2021-10-01
1134,48279626,2021-10-01
1135,48279626,2021-10-01
1136,48279626,2021-09-01
1137,48279626,2021-08-01
1138,51630743,2022-08-01
1139,51630743,2022-07-01
1140,51630743,2022-07-01
1141,51630743,2022-07-01
1142,51630743,2022-06-01
1143,51630743,2021-09-01
1144,51630743,2021-08-01
1145,51630743,2022-09-01
1146,51630743,2022-09-01
1147,51630743,2022-08-01
1148,51630743,2022-08-01
1149,51630743,2022-08-01
1150,51630743,2022-07-01
1151,51630743,2022-07-01
1152,51630743,2022-07-01
1153,51630743,2022-07-01
1154,51630743,2022-06-01
1155,51630743,2022-06-01
1156,51630743,2022-05-01
1157,51630743,2022-05-01
1158,51630743,2022-05-01
1159,51630743,2022-01-01
1160,51630743,2021-10-01
1161,51630743,2021-08-01
1162,22544462,2022-09-01
1163,22544462,2022-07-01
1164,22544462,2022-07-01
1165,22544462,2022-06-01
1166,22544462,2021-08-01
1167,22544462,2021-07-01
1168,22544462,2021-07-01
1169,22544462,2021-07-01
1170,22544462,2020-09-01
1171,22544462,2020-07-01
1172,22544462,2019-07-01
1173,22544462,2018-05-01
1174,22544462,2022-09-01
1175,22544462,2022-09-01
1176,22544462,2022-09-01
1177,22544462,2022-09-01
1178,22544462,2022-08-01
1179,22544462,2022-08-01
1180,22544462,2022-07-01
1181,22544462,2022-07-01
1182,22544462,2022-06-01
1183,22544462,2022-06-01
1184,22544462,2022-06-01
1185,22544462,2022-06-01
1186,22544462,2022-06-01
1187,22544462,2022-05-01
1188,22544462,2022-05-01
1189,22544462,2022-05-01
1190,22544462,2022-05-01
1191,22544462,2022-05-01
1192,22544462,2022-05-01
1193,22544462,2021-09-01
1194,22544462,2021-09-01
1195,22544462,2021-09-01
1196,22544462,2021-09-01
1197,22544462,2021-09-01
1198,22544462,2021-07-01
1199,22544462,2021-06-01
1200,22544462,2020-09-01
1201,22544462,2020-07-01
1202,22544462,2019-09-01
1203,22544462,2019-05-01
1204,22544462,2019-05-01
1205,22544462,2019-05-01
1206,22544462,2019-04-01
1207,22544462,2018-12-01
1208,22544462,2018-09-01
1209,22544462,2018-07-01
1210,22544462,2018-06-01
1211,22544462,2018-06-01
1212,22544462,2018-06-01
1213,22544462,2018-05-01
1214,22544462,2018-05-01
1215,22544462,2018-05-01
1216,22544462,2018-04-01
1217,22544462,2018-04-01
1218,22544462,2018-04-01
1219,22544462,2018-04-01
1220,22544462,2018-03-01
1221,22544462,2018-02-01
1222,52546273,2022-04-01
1223,52546273,2022-04-01
1224,52546273,2022-08-01
1225,52546273,2021-10-01
1226,19336185,2022-09-01
1227,19336185,2021-11-01
1228,19336185,2021-06-01
1229,19336185,2020-11-01
1230,19336185,2020-06-01
1231,19336185,2019-12-01
1232,19336185,2019-11-01
1233,19336185,2019-10-01
1234,19336185,2019-09-01
1235,19336185,2018-08-01
1236,19336185,2018-02-01
1237,19336185,2020-09-01
1238,19336185,2019-12-01
1239,19336185,2019-12-01
1240,19336185,2019-11-01
1241,19336185,2019-10-01
1242,19336185,2019-10-01
1243,19336185,2019-06-01
1244,19336185,2019-05-01
1245,19336185,2019-05-01
1246,19336185,2019-05-01
1247,19336185,2018-09-01
1248,19336185,2018-06-01
1249,19336185,2018-05-01
1250,19336185,2018-05-01
1251,19336185,2018-05-01
1252,19336185,2017-10-01
1253,8283412,2021-06-01
1254,8283412,2021-06-01
1255,8283412,2020-09-01
1256,8283412,2020-09-01
1257,8283412,2019-09-01
1258,8283412,2022-04-01
1259,8283412,2019-10-01
1260,8283412,2019-10-01
1261,8283412,2016-07-01
1262,8157164,2021-06-01
1263,8157164,2019-06-01
1264,8157164,2018-05-01
1265,8157164,2017-09-01
1266,8157164,2017-07-01
1267,8157164,2017-01-01
1268,8157164,2016-12-01
1269,8157164,2016-05-01
1270,8157164,2022-08-01
1271,8157164,2022-07-01
1272,8157164,2022-06-01
1273,8157164,2022-06-01
1274,8157164,2022-05-01
1275,8157164,2022-04-01
1276,8157164,2021-11-01
1277,8157164,2021-11-01
1278,8157164,2021-09-01
1279,8157164,2021-07-01
1280,8157164,2021-07-01
1281,8157164,2021-07-01
1282,8157164,2021-07-01
1283,8157164,2021-05-01
1284,8157164,2020-10-01
1285,8157164,2020-09-01
1286,8157164,2020-06-01
1287,8157164,2019-10-01
1288,8157164,2019-10-01
1289,8157164,2019-09-01
1290,8157164,2019-09-01
1291,8157164,2019-07-01
1292,8157164,2019-07-01
1293,8157164,2019-07-01
1294,8157164,2019-07-01
1295,8157164,2019-06-01
1296,8157164,2019-06-01
1297,29498526,2019-02-01
1298,29498526,2022-09-01
1299,29498526,2022-09-01
1300,29498526,2022-06-01
1301,29498526,2022-05-01
1302,29498526,2022-05-01
1303,29498526,2022-05-01
1304,29498526,2022-04-01
1305,29498526,2022-04-01
1306,29498526,2022-03-01
1307,29498526,2021-07-01
1308,29498526,2019-08-01
1309,29498526,2019-07-01
1310,29498526,2019-05-01
1311,35301994,2022-06-01
1312,35301994,2021-09-01
1313,35301994,2021-08-01
1314,35301994,2021-07-01
1315,35301994,2021-06-01
1316,35301994,2021-06-01
1317,35301994,2020-09-01
1318,35301994,2020-09-01
1319,35301994,2020-06-01
1320,35301994,2020-02-01
1321,35301994,2020-02-01
1322,35301994,2019-11-01
1323,35301994,2019-09-01
1324,35301994,2019-06-01
1325,35301994,2022-09-01
1326,35301994,2021-08-01
1327,35301994,2021-07-01
1328,35301994,2020-01-01
1329,35301994,2019-12-01
1330,35301994,2019-10-01
1331,35301994,2019-10-01
1332,35301994,2019-10-01
1333,35301994,2019-09-01
1334,35301994,2019-09-01
1335,35301994,2019-08-01
1336,35301994,2019-08-01
1337,35301994,2019-08-01
1338,35301994,2019-08-01
1339,35301994,2019-07-01
1340,24390929,2022-03-01
1341,24390929,2022-03-01
1342,24390929,2021-06-01
1343,24390929,2021-11-01
1344,24390929,2021-09-01
1345,24390929,2021-07-01
1346,24390929,2020-02-01
1347,21173895,2021-09-01
1348,21173895,2021-07-01
1349,21173895,2019-08-01
1350,21173895,2019-07-01
1351,21173895,2019-04-01
1352,21173895,2018-07-01
1353,21173895,2018-05-01
1354,21173895,2018-05-01
1355,21173895,2018-04-01
1356,21173895,2022-09-01
1357,21173895,2022-08-01
1358,21173895,2022-08-01
1359,21173895,2022-08-01
1360,21173895,2022-06-01
1361,21173895,2022-06-01
1362,21173895,2022-06-01
1363,21173895,2022-05-01
1364,21173895,2022-05-01
1365,21173895,2022-05-01
1366,21173895,2021-10-01
1367,21173895,2021-10-01
1368,21173895,2021-10-01
1369,21173895,2021-08-01
1370,21173895,2021-07-01
1371,21173895,2021-06-01
1372,21173895,2020-10-01
1373,21173895,2020-08-01
1374,21173895,2020-01-01
1375,21173895,2019-10-01
1376,21173895,2019-10-01
1377,21173895,2019-10-01
1378,21173895,2019-09-01
1379,21173895,2019-09-01
1380,21173895,2019-09-01
1381,21173895,2019-08-01
1382,21173895,2019-08-01
1383,21173895,2019-07-01
1384,21173895,2019-07-01
1385,21173895,2019-07-01
1386,21173895,2019-06-01
1387,21173895,2019-06-01
1388,21173895,2019-06-01
1389,21173895,2019-06-01
1390,21173895,2019-05-01
1391,21173895,2019-05-01
1392,21173895,2019-05-01
1393,21173895,2019-04-01
1394,21173895,2018-10-01
1395,21173895,2018-10-01
1396,21173895,2018-09-01
1397,21173895,2018-09-01
1398,21173895,2018-08-01
1399,21173895,2018-08-01
1400,21173895,2018-07-01
1401,21173895,2018-07-01
1402,21173895,2018-07-01
1403,21173895,2018-05-01
1404,21173895,2018-05-01
1405,21173895,2018-05-01
1406,21173895,2018-04-01
1407,50125766,2022-08-01
1408,50125766,2022-08-01
1409,50125766,2022-05-01
1410,50125766,2022-05-01
1411,50125766,2022-04-01
1412,50125766,2021-09-01
1413,50125766,2021-08-01
1414,50125766,2021-08-01
1415,50125766,2021-07-01
1416,50125766,2021-07-01
1417,50125766,2021-06-01
1418,50125766,2022-09-01
1419,50125766,2022-09-01
1420,50125766,2022-08-01
1421,50125766,2022-08-01
1422,50125766,2022-08-01
1423,50125766,2022-07-01
1424,50125766,2022-07-01
1425,50125766,2022-07-01
1426,50125766,2022-07-01
1427,50125766,2022-07-01
1428,50125766,2022-07-01
1429,50125766,2022-06-01
1430,50125766,2022-06-01
1431,50125766,2022-06-01
1432,50125766,2022-06-01
1433,50125766,2022-06-01
1434,50125766,2022-06-01
1435,50125766,2022-05-01
1436,50125766,2022-05-01
1437,50125766,2022-05-01
1438,50125766,2022-04-01
1439,50125766,2022-03-01
1440,50125766,2021-10-01
1441,50125766,2021-10-01
1442,50125766,2021-10-01
1443,50125766,2021-10-01
1444,50125766,2021-09-01
1445,50125766,2021-09-01
1446,50125766,2021-09-01
1447,50125766,2021-08-01
1448,50125766,2021-08-01
1449,50125766,2021-08-01
1450,50125766,2021-08-01
1451,50125766,2021-07-01
1452,50125766,2021-07-01
1453,13913676,2022-08-01
1454,13913676,2022-07-01
1455,13913676,2022-07-01
1456,13913676,2022-06-01
1457,13913676,2022-04-01
1458,13913676,2022-03-01
1459,13913676,2022-03-01
1460,13913676,2021-10-01
1461,13913676,2021-09-01
1462,13913676,2021-07-01
1463,13913676,2021-06-01
1464,13913676,2021-06-01
1465,13913676,2021-06-01
1466,13913676,2021-06-01
1467,13913676,2021-05-01
1468,13913676,2020-09-01
1469,13913676,2020-08-01
1470,13913676,2020-08-01
1471,13913676,2020-08-01
1472,13913676,2020-06-01
1473,13913676,2020-06-01
1474,13913676,2020-03-01
1475,13913676,2020-01-01
1476,13913676,2019-06-01
1477,13913676,2019-03-01
1478,13913676,2019-03-01
1479,13913676,2019-01-01
1480,13913676,2018-04-01
1481,13913676,2016-09-01
1482,13913676,2016-09-01
1483,13913676,2016-09-01
1484,13913676,2022-09-01
1485,13913676,2022-08-01
1486,13913676,2022-08-01
1487,13913676,2022-08-01
1488,13913676,2022-07-01
1489,13913676,2022-07-01
1490,13913676,2022-06-01
1491,13913676,2022-06-01
1492,13913676,2022-06-01
1493,13913676,2022-06-01
1494,13913676,2022-06-01
1495,13913676,2022-05-01
1496,13913676,2022-05-01
1497,13913676,2022-05-01
1498,13913676,2022-05-01
1499,13913676,2022-04-01
1500,13913676,2022-04-01
1501,13913676,2022-04-01
1502,13913676,2022-04-01
1503,13913676,2022-03-01
1504,13913676,2022-02-01
1505,13913676,2022-01-01
1506,13913676,2021-11-01
1507,13913676,2021-11-01
1508,13913676,2021-11-01
1509,13913676,2021-11-01
1510,13913676,2021-11-01
1511,13913676,2021-10-01
1512,13913676,2021-10-01
1513,13913676,2021-10-01
1514,13913676,2021-10-01
1515,13913676,2021-10-01
1516,13913676,2021-10-01
1517,13913676,2021-09-01
1518,13913676,2021-09-01
1519,13913676,2021-09-01
1520,13913676,2021-09-01
1521,13913676,2021-08-01
1522,13913676,2021-08-01
1523,13913676,2021-08-01
1524,13913676,2021-08-01
1525,13913676,2021-07-01
1526,13913676,2021-07-01
1527,13913676,2021-06-01
1528,13913676,2021-06-01
1529,13913676,2021-05-01
1530,13913676,2020-10-01
1531,13913676,2020-10-01
1532,13913676,2020-10-01
1533,13913676,2020-09-01
1534,13913676,2020-09-01
1535,13913676,2020-09-01
1536,13913676,2020-09-01
1537,13913676,2020-09-01
1538,13913676,2020-08-01
1539,13913676,2020-08-01
1540,13913676,2020-07-01
1541,13913676,2020-07-01
1542,13913676,2020-07-01
1543,13913676,2020-07-01
1544,13913676,2020-06-01
1545,13913676,2020-03-01
1546,13913676,2020-02-01
1547,13913676,2020-02-01
1548,13913676,2020-02-01
1549,13913676,2019-11-01
1550,13913676,2019-11-01
1551,13913676,2019-11-01
1552,13913676,2019-10-01
1553,13913676,2019-10-01
1554,13913676,2019-10-01
1555,13913676,2019-10-01
1556,13913676,2019-10-01
1557,13913676,2019-10-01
1558,13913676,2019-09-01
1559,13913676,2019-09-01
1560,13913676,2019-09-01
1561,13913676,2019-08-01
1562,13913676,2019-08-01
1563,13913676,2019-08-01
1564,13913676,2019-08-01
1565,13913676,2019-07-01
1566,13913676,2019-07-01
1567,13913676,2019-07-01
1568,13913676,2019-07-01
1569,13913676,2019-06-01
1570,13913676,2019-06-01
1571,13913676,2019-06-01
1572,13913676,2019-06-01
1573,13913676,2019-06-01
1574,13913676,2019-05-01
1575,13913676,2019-05-01
1576,13913676,2019-05-01
1577,13913676,2019-05-01
1578,13913676,2019-05-01
1579,13913676,2019-05-01
1580,13913676,2019-05-01
1581,13913676,2019-05-01
1582,13913676,2019-05-01
1583,13913676,2019-04-01
1584,13913676,2019-04-01
1585,13913676,2019-04-01
1586,13913676,2019-04-01
1587,13913676,2019-04-01
1588,13913676,2019-04-01
1589,13913676,2019-03-01
1590,13913676,2019-03-01
1591,13913676,2019-03-01
1592,13913676,2019-03-01
1593,13913676,2018-11-01
1594,13913676,2018-11-01
1595,13913676,2018-10-01
1596,13913676,2018-10-01
1597,13913676,2018-10-01
1598,13913676,2018-10-01
1599,13913676,2018-09-01
1600,13913676,2018-09-01
1601,13913676,2018-09-01
1602,13913676,2018-09-01
1603,13913676,2018-08-01
1604,13913676,2018-08-01
1605,13913676,2018-08-01
1606,13913676,2018-08-01
1607,13913676,2018-07-01
1608,13913676,2018-07-01
1609,13913676,2018-07-01
1610,13913676,2018-07-01
1611,13913676,2018-07-01
1612,13913676,2018-06-01
1613,13913676,2018-06-01
1614,13913676,2018-06-01
1615,13913676,2018-06-01
1616,13913676,2018-06-01
1617,13913676,2018-05-01
1618,13913676,2018-05-01
1619,13913676,2018-05-01
1620,13913676,2018-05-01
1621,13913676,2018-04-01
1622,13913676,2018-04-01
1623,13913676,2018-04-01
1624,13913676,2018-04-01
1625,13913676,2018-03-01
1626,13913676,2018-02-01
1627,13913676,2018-02-01
1628,13913676,2018-02-01
1629,13913676,2018-02-01
1630,13913676,2018-01-01
1631,13913676,2018-01-01
1632,13913676,2017-11-01
1633,13913676,2017-11-01
1634,13913676,2017-11-01
1635,13913676,2017-11-01
1636,13913676,2017-10-01
1637,13913676,2017-10-01
1638,13913676,2017-10-01
1639,13913676,2017-10-01
1640,13913676,2017-09-01
1641,13913676,2017-09-01
1642,13913676,2017-09-01
1643,13913676,2017-09-01
1644,13913676,2017-09-01
1645,13913676,2017-09-01
1646,13913676,2017-06-01
1647,13913676,2017-06-01
1648,13913676,2017-06-01
1649,13913676,2017-05-01
1650,13913676,2017-05-01
1651,13913676,2017-05-01
1652,13913676,2017-05-01
1653,13913676,2017-04-01
1654,13913676,2017-04-01
1655,13913676,2017-04-01
1656,13913676,2017-03-01
1657,13913676,2016-11-01
1658,13913676,2016-10-01
1659,13913676,2016-10-01
1660,13913676,2016-10-01
1661,13913676,2016-10-01
1662,13913676,2016-10-01
1663,13913676,2016-09-01
1664,13913676,2016-09-01
1665,605612485623983577,2022-08-01
1666,605612485623983577,2022-07-01
1667,605612485623983577,2022-09-01
1668,605612485623983577,2022-08-01
1669,5026866,2022-05-01
1670,5026866,2021-10-01
1671,5026866,2021-10-01
1672,5026866,2021-10-01
1673,5026866,2021-07-01
1674,5026866,2021-06-01
1675,5026866,2019-10-01
1676,5026866,2019-08-01
1677,5026866,2019-04-01
1678,5026866,2018-07-01
1679,5026866,2018-05-01
1680,5026866,2018-05-01
1681,5026866,2018-04-01
1682,5026866,2017-10-01
1683,5026866,2017-10-01
1684,5026866,2016-10-01
1685,5026866,2016-09-01
1686,5026866,2016-09-01
1687,5026866,2016-07-01
1688,5026866,2016-06-01
1689,5026866,2015-10-01
1690,5026866,2015-09-01
1691,5026866,2015-06-01
1692,5026866,2015-04-01
1693,31631339,2022-06-01
1694,31631339,2022-03-01
1695,31631339,2019-06-01
1696,31631339,2019-04-01
1697,31631339,2019-04-01
1698,593173668736943919,2022-07-01
1699,593173668736943919,2022-06-01
1700,593173668736943919,2022-06-01
1701,37288488,2020-01-01
1702,37288488,2019-09-01
1703,37288488,2019-08-01
1704,37288488,2022-09-01
1705,37288488,2022-05-01
1706,37288488,2022-04-01
1707,37288488,2022-04-01
1708,37288488,2021-10-01
1709,37288488,2021-09-01
1710,37288488,2019-09-01
1711,39216865,2022-05-01
1712,39216865,2022-04-01
1713,39216865,2021-09-01
1714,18269754,2022-08-01
1715,18269754,2021-06-01
1716,18269754,2020-07-01
1717,18269754,2019-08-01
1718,18269754,2019-06-01
1719,18269754,2019-04-01
1720,18269754,2018-09-01
1721,18269754,2018-07-01
1722,18269754,2018-07-01
1723,18269754,2018-05-01
1724,18269754,2017-09-01
1725,18269754,2017-06-01
1726,18269754,2017-06-01
1727,18269754,2017-06-01
1728,18269754,2017-05-01
1729,18269754,2021-05-01
1730,18269754,2020-07-01
1731,18269754,2019-09-01
1732,18269754,2019-04-01
1733,18269754,2018-08-01
1734,18269754,2018-08-01
1735,18269754,2018-08-01
1736,18269754,2018-08-01
1737,18269754,2018-05-01
1738,18269754,2018-04-01
1739,18269754,2018-04-01
1740,18269754,2017-10-01
1741,18269754,2017-10-01
1742,18269754,2017-10-01
1743,18269754,2017-09-01
1744,18269754,2017-09-01
1745,7359742,2022-08-01
1746,7359742,2022-06-01
1747,7359742,2022-04-01
1748,7359742,2021-08-01
1749,7359742,2020-08-01
1750,7359742,2019-09-01
1751,7359742,2022-09-01
1752,7359742,2022-08-01
1753,7359742,2022-07-01
1754,7359742,2022-06-01
1755,7359742,2022-05-01
1756,7359742,2022-05-01
1757,7359742,2021-09-01
1758,7359742,2021-09-01
1759,7359742,2021-08-01
1760,7359742,2021-08-01
1761,7359742,2021-08-01
1762,7359742,2021-08-01
1763,7359742,2021-07-01
1764,7359742,2021-07-01
1765,7359742,2020-09-01
1766,7359742,2020-08-01
1767,7359742,2020-08-01
1768,7359742,2019-08-01
1769,7359742,2019-07-01
1770,7359742,2019-05-01
1771,7359742,2019-04-01
1772,7359742,2016-09-01
1773,7359742,2016-09-01
1774,7359742,2016-08-01
1775,7359742,2016-08-01
1776,7359742,2016-08-01
1777,7359742,2016-07-01
1778,7359742,2016-07-01
1779,7359742,2015-10-01
1780,7359742,2015-09-01
1781,7359742,2015-09-01
1782,7359742,2015-09-01
1783,7359742,2015-09-01
1784,7359742,2015-09-01
1785,7359742,2015-09-01
1786,7359742,2015-08-01
1787,7359742,2015-08-01
1788,7359742,2015-07-01
1789,7359742,2015-07-01
1790,1046858,2022-07-01
1791,1046858,2022-07-01
1792,1046858,2022-07-01
1793,1046858,2021-08-01
1794,1046858,2020-08-01
1795,1046858,2020-08-01
1796,1046858,2020-07-01
1797,1046858,2019-09-01
1798,1046858,2019-08-01
1799,1046858,2018-08-01
1800,1046858,2018-07-01
1801,1046858,2017-08-01
1802,1046858,2017-07-01
1803,1046858,2016-08-01
1804,1046858,2016-06-01
1805,1046858,2016-06-01
1806,1046858,2015-08-01
1807,1046858,2015-08-01
1808,1046858,2015-04-01
1809,1046858,2022-09-01
1810,1046858,2022-08-01
1811,1046858,2022-08-01
1812,1046858,2022-08-01
1813,1046858,2022-08-01
1814,1046858,2022-07-01
1815,1046858,2022-07-01
1816,1046858,2022-07-01
1817,1046858,2022-07-01
1818,1046858,2022-06-01
1819,1046858,2022-06-01
1820,1046858,2022-04-01
1821,1046858,2022-04-01
1822,1046858,2021-09-01
1823,1046858,2021-08-01
1824,1046858,2021-08-01
1825,1046858,2021-08-01
1826,1046858,2021-08-01
1827,1046858,2021-08-01
1828,1046858,2021-07-01
1829,1046858,2021-07-01
1830,1046858,2020-09-01
1831,1046858,2020-09-01
1832,1046858,2020-09-01
1833,1046858,2020-08-01
1834,1046858,2020-08-01
1835,1046858,2020-08-01
1836,1046858,2020-07-01
1837,1046858,2019-09-01
1838,1046858,2019-09-01
1839,1046858,2019-08-01
1840,1046858,2019-08-01
1841,1046858,2019-07-01
1842,1046858,2019-06-01
1843,1046858,2019-04-01
1844,1046858,2019-04-01
1845,1046858,2018-09-01
1846,1046858,2018-09-01
1847,1046858,2018-09-01
1848,1046858,2018-08-01
1849,1046858,2018-08-01
1850,1046858,2018-08-01
1851,1046858,2018-07-01
1852,1046858,2018-07-01
1853,1046858,2018-07-01
1854,1046858,2018-06-01
1855,1046858,2018-05-01
1856,1046858,2018-05-01
1857,1046858,2018-05-01
1858,1046858,2017-11-01
1859,1046858,2017-09-01
1860,1046858,2017-09-01
1861,1046858,2017-09-01
1862,1046858,2017-08-01
1863,1046858,2017-08-01
1864,1046858,2017-08-01
1865,1046858,2017-07-01
1866,1046858,2017-07-01
1867,1046858,2017-07-01
1868,1046858,2017-07-01
1869,1046858,2017-06-01
1870,1046858,2017-05-01
1871,1046858,2017-05-01
1872,1046858,2017-04-01
1873,1046858,2016-09-01
1874,1046858,2016-08-01
1875,1046858,2016-08-01
1876,1046858,2016-08-01
1877,1046858,2016-08-01
1878,1046858,2016-07-01
1879,1046858,2016-07-01
1880,1046858,2016-07-01
1881,1046858,2016-07-01
1882,1046858,2016-07-01
1883,1046858,2016-07-01
1884,1046858,2016-05-01
1885,1046858,2015-08-01
1886,1046858,2015-08-01
1887,1046858,2015-08-01
1888,1046858,2015-07-01
1889,1046858,2015-07-01
1890,1046858,2015-06-01
1891,1046858,2015-05-01
1892,1046858,2015-05-01
1893,1046858,2015-03-01
1894,19291856,2022-07-01
1895,19291856,2022-07-01
1896,19291856,2022-06-01
1897,19291856,2022-05-01
1898,19291856,2021-07-01
1899,19291856,2019-08-01
1900,19291856,2019-07-01
1901,19291856,2019-07-01
1902,19291856,2018-06-01
1903,19291856,2017-08-01
1904,19291856,2022-09-01
1905,19291856,2022-09-01
1906,19291856,2022-09-01
1907,19291856,2022-08-01
1908,19291856,2022-07-01
1909,19291856,2022-07-01
1910,19291856,2022-06-01
1911,19291856,2022-06-01
1912,19291856,2022-06-01
1913,19291856,2022-06-01
1914,19291856,2022-05-01
1915,19291856,2022-04-01
1916,19291856,2022-04-01
1917,19291856,2021-08-01
1918,19291856,2021-08-01
1919,19291856,2021-07-01
1920,19291856,2021-07-01
1921,19291856,2021-06-01
1922,19291856,2020-01-01
1923,19291856,2019-10-01
1924,19291856,2019-10-01
1925,19291856,2019-10-01
1926,19291856,2019-10-01
1927,19291856,2019-09-01
1928,19291856,2019-09-01
1929,19291856,2019-09-01
1930,19291856,2019-08-01
1931,19291856,2019-08-01
1932,19291856,2019-07-01
1933,19291856,2019-07-01
1934,19291856,2019-07-01
1935,19291856,2019-06-01
1936,19291856,2019-06-01
1937,19291856,2019-06-01
1938,19291856,2019-06-01
1939,19291856,2019-05-01
1940,19291856,2019-05-01
1941,19291856,2019-05-01
1942,19291856,2019-05-01
1943,19291856,2019-05-01
1944,19291856,2019-04-01
1945,19291856,2019-04-01
1946,19291856,2019-04-01
1947,19291856,2019-04-01
1948,19291856,2019-03-01
1949,19291856,2019-01-01
1950,19291856,2018-11-01
1951,19291856,2018-10-01
1952,19291856,2018-10-01
1953,19291856,2018-10-01
1954,19291856,2018-10-01
1955,19291856,2018-09-01
1956,19291856,2018-09-01
1957,19291856,2018-09-01
1958,19291856,2018-09-01
1959,19291856,2018-08-01
1960,19291856,2018-07-01
1961,19291856,2018-07-01
1962,19291856,2018-07-01
1963,19291856,2018-06-01
1964,19291856,2018-05-01
1965,19291856,2018-05-01
1966,19291856,2018-05-01
1967,19291856,2018-05-01
1968,19291856,2018-04-01
1969,19291856,2018-04-01
1970,19291856,2017-10-01
1971,19291856,2017-10-01
1972,19291856,2017-09-01
1973,19291856,2017-08-01
1974,19291856,2017-08-01
1975,19291856,2017-07-01
1976,20822542,2021-09-01
1977,20822542,2021-07-01
1978,20822542,2021-06-01
1979,20822542,2021-06-01
1980,20822542,2020-08-01
1981,20822542,2020-07-01
1982,20822542,2019-04-01
1983,20822542,2018-07-01
1984,20822542,2022-09-01
1985,20822542,2021-10-01
1986,20822542,2021-10-01
1987,20822542,2021-09-01
1988,20822542,2021-09-01
1989,20822542,2021-09-01
1990,20822542,2021-09-01
1991,20822542,2021-08-01
1992,20822542,2021-07-01
1993,20822542,2021-05-01
1994,20822542,2020-08-01
1995,20822542,2020-07-01
1996,20822542,2020-01-01
1997,20822542,2019-10-01
1998,20822542,2019-09-01
1999,20822542,2019-09-01
2000,20822542,2019-09-01
2001,20822542,2019-08-01
2002,20822542,2019-08-01
2003,20822542,2019-08-01
2004,20822542,2019-08-01
2005,20822542,2019-07-01
2006,20822542,2019-07-01
2007,20822542,2019-07-01
2008,20822542,2019-07-01
2009,20822542,2019-06-01
2010,20822542,2019-06-01
2011,20822542,2019-06-01
2012,20822542,2019-05-01
2013,20822542,2018-11-01
2014,20822542,2018-10-01
2015,20822542,2018-10-01
2016,20822542,2018-09-01
2017,20822542,2018-09-01
2018,20822542,2018-09-01
2019,20822542,2018-09-01
2020,20822542,2018-08-01
2021,20822542,2018-08-01
2022,20822542,2018-08-01
2023,20822542,2018-08-01
2024,20822542,2018-07-01
2025,20822542,2018-07-01
2026,20822542,2018-07-01
2027,20822542,2018-07-01
2028,20822542,2018-06-01
2029,20822542,2017-10-01
2030,20822542,2017-10-01
2031,20822542,2017-10-01
2032,20822542,2017-10-01
2033,20822542,2017-09-01
2034,20822542,2017-09-01
2035,20822542,2017-09-01
2036,20822542,2017-09-01
2037,20822542,2017-09-01
2038,40000460,2021-10-01
2039,40000460,2021-06-01
2040,40000460,2021-05-01
2041,40000460,2021-05-01
2042,40000460,2020-09-01
2043,40000460,2022-09-01
2044,40000460,2022-04-01
2045,40000460,2022-03-01
2046,40000460,2021-10-01
2047,40000460,2021-09-01
2048,40000460,2021-09-01
2049,40000460,2021-07-01
2050,40000460,2020-10-01
2051,40000460,2020-10-01
2052,40000460,2020-09-01
2053,6042880,2022-08-01
2054,6042880,2022-07-01
2055,6042880,2022-04-01
2056,6042880,2022-01-01
2057,6042880,2022-01-01
2058,6042880,2021-08-01
2059,6042880,2021-07-01
2060,6042880,2021-07-01
2061,6042880,2021-05-01
2062,6042880,2020-10-01
2063,6042880,2020-08-01
2064,6042880,2020-08-01
2065,6042880,2020-07-01
2066,6042880,2020-07-01
2067,6042880,2020-06-01
2068,6042880,2019-12-01
2069,6042880,2019-10-01
2070,6042880,2019-09-01
2071,6042880,2019-08-01
2072,6042880,2019-07-01
2073,6042880,2019-07-01
2074,6042880,2019-06-01
2075,6042880,2019-03-01
2076,6042880,2019-03-01
2077,6042880,2019-01-01
2078,6042880,2019-01-01
2079,6042880,2018-12-01
2080,6042880,2018-11-01
2081,6042880,2018-10-01
2082,6042880,2018-07-01
2083,6042880,2018-06-01
2084,6042880,2018-04-01
2085,6042880,2018-03-01
2086,6042880,2018-02-01
2087,6042880,2018-01-01
2088,6042880,2017-12-01
2089,6042880,2017-12-01
2090,6042880,2017-12-01
2091,6042880,2017-08-01
2092,6042880,2017-05-01
2093,6042880,2017-01-01
2094,6042880,2017-01-01
2095,6042880,2016-12-01
2096,6042880,2016-09-01
2097,6042880,2016-09-01
2098,6042880,2016-05-01
2099,6042880,2015-12-01
2100,6042880,2015-07-01
2101,6042880,2022-09-01
2102,6042880,2022-09-01
2103,6042880,2022-08-01
2104,6042880,2022-08-01
2105,6042880,2022-08-01
2106,6042880,2022-08-01
2107,6042880,2022-07-01
2108,6042880,2022-07-01
2109,6042880,2022-06-01
2110,6042880,2022-06-01
2111,6042880,2022-06-01
2112,6042880,2022-06-01
2113,6042880,2022-05-01
2114,6042880,2022-04-01
2115,6042880,2022-01-01
2116,6042880,2021-11-01
2117,6042880,2021-10-01
2118,6042880,2021-09-01
2119,6042880,2021-09-01
2120,6042880,2021-08-01
2121,6042880,2021-08-01
2122,6042880,2021-08-01
2123,6042880,2021-08-01
2124,6042880,2020-09-01
2125,6042880,2020-09-01
2126,6042880,2020-09-01
2127,6042880,2020-08-01
2128,6042880,2020-08-01
2129,6042880,2020-08-01
2130,6042880,2020-07-01
2131,6042880,2020-07-01
2132,6042880,2019-10-01
2133,6042880,2019-10-01
2134,6042880,2019-09-01
2135,6042880,2019-09-01
2136,6042880,2019-09-01
2137,6042880,2019-09-01
2138,6042880,2019-08-01
2139,6042880,2019-08-01
2140,6042880,2019-08-01
2141,6042880,2019-07-01
2142,6042880,2019-07-01
2143,6042880,2019-07-01
2144,6042880,2019-06-01
2145,6042880,2019-06-01
2146,6042880,2019-05-01
2147,6042880,2019-05-01
2148,6042880,2019-05-01
2149,6042880,2019-04-01
2150,6042880,2019-03-01
2151,6042880,2019-03-01
2152,6042880,2019-03-01
2153,6042880,2019-02-01
2154,6042880,2019-02-01
2155,6042880,2018-11-01
2156,6042880,2018-11-01
2157,6042880,2018-10-01
2158,6042880,2018-10-01
2159,6042880,2018-10-01
2160,6042880,2018-10-01
2161,6042880,2018-10-01
2162,6042880,2018-10-01
2163,6042880,2018-10-01
2164,6042880,2018-09-01
2165,6042880,2018-09-01
2166,6042880,2018-09-01
2167,6042880,2018-07-01
2168,6042880,2018-07-01
2169,6042880,2018-06-01
2170,6042880,2018-06-01
2171,6042880,2018-06-01
2172,6042880,2018-06-01
2173,6042880,2018-06-01
2174,6042880,2018-06-01
2175,6042880,2018-05-01
2176,6042880,2018-05-01
2177,6042880,2018-05-01
2178,6042880,2018-05-01
2179,6042880,2018-05-01
2180,6042880,2018-05-01
2181,6042880,2018-05-01
2182,6042880,2018-04-01
2183,6042880,2018-04-01
2184,6042880,2018-04-01
2185,6042880,2018-04-01
2186,6042880,2018-04-01
2187,6042880,2018-04-01
2188,6042880,2018-04-01
2189,6042880,2018-04-01
2190,6042880,2018-03-01
2191,6042880,2018-03-01
2192,6042880,2018-03-01
2193,6042880,2018-03-01
2194,6042880,2018-03-01
2195,6042880,2018-02-01
2196,6042880,2018-02-01
2197,6042880,2018-02-01
2198,6042880,2018-02-01
2199,6042880,2018-02-01
2200,6042880,2018-02-01
2201,6042880,2018-01-01
2202,6042880,2018-01-01
2203,6042880,2017-12-01
2204,6042880,2017-12-01
2205,6042880,2017-12-01
2206,6042880,2017-12-01
2207,6042880,2017-12-01
2208,6042880,2017-11-01
2209,6042880,2017-11-01
2210,6042880,2017-11-01
2211,6042880,2017-11-01
2212,6042880,2017-11-01
2213,6042880,2017-11-01
2214,6042880,2017-10-01
2215,6042880,2017-10-01
2216,6042880,2017-10-01
2217,6042880,2017-10-01
2218,6042880,2017-10-01
2219,6042880,2017-10-01
2220,6042880,2017-09-01
2221,6042880,2017-09-01
2222,6042880,2017-09-01
2223,6042880,2017-08-01
2224,6042880,2017-08-01
2225,6042880,2017-08-01
2226,6042880,2017-08-01
2227,6042880,2017-08-01
2228,6042880,2017-07-01
2229,6042880,2017-07-01
2230,6042880,2017-07-01
2231,6042880,2017-07-01
2232,6042880,2017-07-01
2233,6042880,2017-06-01
2234,6042880,2017-06-01
2235,6042880,2017-06-01
2236,6042880,2017-06-01
2237,6042880,2017-05-01
2238,6042880,2017-05-01
2239,6042880,2017-04-01
2240,6042880,2017-04-01
2241,6042880,2017-04-01
2242,6042880,2017-04-01
2243,6042880,2017-04-01
2244,6042880,2017-03-01
2245,6042880,2017-02-01
2246,6042880,2016-12-01
2247,6042880,2016-11-01
2248,6042880,2016-11-01
2249,6042880,2016-11-01
2250,6042880,2016-10-01
2251,6042880,2016-10-01
2252,6042880,2016-10-01
2253,6042880,2016-10-01
2254,6042880,2016-10-01
2255,6042880,2016-09-01
2256,6042880,2016-09-01
2257,6042880,2016-09-01
2258,6042880,2016-09-01
2259,6042880,2016-09-01
2260,6042880,2016-08-01
2261,6042880,2016-08-01
2262,6042880,2016-07-01
2263,6042880,2016-07-01
2264,6042880,2016-07-01
2265,6042880,2016-06-01
2266,6042880,2016-06-01
2267,6042880,2016-06-01
2268,6042880,2016-05-01
2269,6042880,2016-05-01
2270,6042880,2016-05-01
2271,6042880,2016-05-01
2272,6042880,2016-05-01
2273,6042880,2016-05-01
2274,6042880,2016-05-01
2275,6042880,2016-04-01
2276,6042880,2016-04-01
2277,6042880,2016-01-01
2278,6042880,2015-10-01
2279,6042880,2015-10-01
2280,6042880,2015-10-01
2281,6042880,2015-10-01
2282,6042880,2015-10-01
2283,6042880,2015-09-01
2284,6042880,2015-09-01
2285,6042880,2015-09-01
2286,6042880,2015-09-01
2287,6042880,2015-09-01
2288,6042880,2015-09-01
2289,6042880,2015-08-01
2290,6042880,2015-08-01
2291,6042880,2015-08-01
2292,6042880,2015-08-01
2293,6042880,2015-07-01
2294,6042880,2015-07-01
2295,6042880,2015-07-01
2296,37472563,2021-08-01
2297,37472563,2021-06-01
2298,37472563,2021-06-01
2299,37472563,2021-06-01
2300,37472563,2020-08-01
2301,37472563,2022-09-01
2302,37472563,2022-09-01
2303,37472563,2022-09-01
2304,37472563,2022-08-01
2305,37472563,2022-07-01
2306,37472563,2022-07-01
2307,37472563,2022-07-01
2308,37472563,2022-07-01
2309,37472563,2022-07-01
2310,37472563,2022-06-01
2311,37472563,2022-06-01
2312,37472563,2022-06-01
2313,37472563,2022-05-01
2314,37472563,2022-05-01
2315,37472563,2022-05-01
2316,37472563,2021-11-01
2317,37472563,2021-11-01
2318,37472563,2021-11-01
2319,37472563,2021-10-01
2320,37472563,2021-10-01
2321,37472563,2021-10-01
2322,37472563,2021-09-01
2323,37472563,2021-09-01
2324,37472563,2021-08-01
2325,37472563,2021-07-01
2326,37472563,2021-07-01
2327,37472563,2021-07-01
2328,37472563,2021-06-01
2329,37472563,2021-05-01
2330,37472563,2020-10-01
2331,37472563,2020-09-01
2332,37472563,2020-08-01
2333,37472563,2020-02-01
2334,37472563,2020-02-01
2335,37472563,2019-10-01
2336,37472563,2019-10-01
2337,37472563,2019-09-01
2338,6043179,2022-08-01
2339,6043179,2022-07-01
2340,6043179,2022-07-01
2341,6043179,2022-06-01
2342,6043179,2022-04-01
2343,6043179,2022-01-01
2344,6043179,2021-12-01
2345,6043179,2021-10-01
2346,6043179,2021-06-01
2347,6043179,2021-06-01
2348,6043179,2021-05-01
2349,6043179,2020-08-01
2350,6043179,2020-08-01
2351,6043179,2020-08-01
2352,6043179,2020-07-01
2353,6043179,2020-07-01
2354,6043179,2020-06-01
2355,6043179,2019-08-01
2356,6043179,2019-07-01
2357,6043179,2019-06-01
2358,6043179,2019-03-01
2359,6043179,2019-03-01
2360,6043179,2019-01-01
2361,6043179,2018-08-01
2362,6043179,2018-07-01
2363,6043179,2018-02-01
2364,6043179,2018-01-01
2365,6043179,2018-01-01
2366,6043179,2018-01-01
2367,6043179,2017-12-01
2368,6043179,2017-11-01
2369,6043179,2017-08-01
2370,6043179,2017-07-01
2371,6043179,2017-06-01
2372,6043179,2017-05-01
2373,6043179,2017-05-01
2374,6043179,2017-04-01
2375,6043179,2017-04-01
2376,6043179,2017-02-01
2377,6043179,2017-01-01
2378,6043179,2016-12-01
2379,6043179,2016-12-01
2380,6043179,2016-10-01
2381,6043179,2016-07-01
2382,6043179,2016-06-01
2383,6043179,2016-01-01
2384,6043179,2015-12-01
2385,6043179,2015-08-01
2386,6043179,2015-08-01
2387,6043179,2022-09-01
2388,6043179,2022-09-01
2389,6043179,2022-08-01
2390,6043179,2022-08-01
2391,6043179,2022-08-01
2392,6043179,2022-08-01
2393,6043179,2022-08-01
2394,6043179,2022-08-01
2395,6043179,2022-08-01
2396,6043179,2022-08-01
2397,6043179,2022-07-01
2398,6043179,2022-07-01
2399,6043179,2022-06-01
2400,6043179,2022-06-01
2401,6043179,2022-05-01
2402,6043179,2022-05-01
2403,6043179,2022-05-01
2404,6043179,2022-03-01
2405,6043179,2022-03-01
2406,6043179,2022-01-01
2407,6043179,2021-12-01
2408,6043179,2021-10-01
2409,6043179,2021-09-01
2410,6043179,2021-09-01
2411,6043179,2021-08-01
2412,6043179,2021-08-01
2413,6043179,2021-07-01
2414,6043179,2021-07-01
2415,6043179,2021-07-01
2416,6043179,2021-05-01
2417,6043179,2020-09-01
2418,6043179,2020-09-01
2419,6043179,2020-09-01
2420,6043179,2020-09-01
2421,6043179,2020-08-01
2422,6043179,2020-07-01
2423,6043179,2020-07-01
2424,6043179,2020-07-01
2425,6043179,2020-02-01
2426,6043179,2019-11-01
2427,6043179,2019-10-01
2428,6043179,2019-09-01
2429,6043179,2019-09-01
2430,6043179,2019-09-01
2431,6043179,2019-09-01
2432,6043179,2019-08-01
2433,6043179,2019-08-01
2434,6043179,2019-08-01
2435,6043179,2019-08-01
2436,6043179,2019-07-01
2437,6043179,2019-07-01
2438,6043179,2019-07-01
2439,6043179,2019-07-01
2440,6043179,2019-05-01
2441,6043179,2019-05-01
2442,6043179,2019-05-01
2443,6043179,2019-04-01
2444,6043179,2019-04-01
2445,6043179,2019-04-01
2446,6043179,2019-04-01
2447,6043179,2019-03-01
2448,6043179,2019-03-01
2449,6043179,2019-03-01
2450,6043179,2019-02-01
2451,6043179,2019-02-01
2452,6043179,2019-02-01
2453,6043179,2019-02-01
2454,6043179,2019-01-01
2455,6043179,2018-12-01
2456,6043179,2018-11-01
2457,6043179,2018-11-01
2458,6043179,2018-10-01
2459,6043179,2018-10-01
2460,6043179,2018-10-01
2461,6043179,2018-10-01
2462,6043179,2018-10-01
2463,6043179,2018-10-01
2464,6043179,2018-10-01
2465,6043179,2018-10-01
2466,6043179,2018-09-01
2467,6043179,2018-09-01
2468,6043179,2018-09-01
2469,6043179,2018-08-01
2470,6043179,2018-08-01
2471,6043179,2018-08-01
2472,6043179,2018-08-01
2473,6043179,2018-08-01
2474,6043179,2018-07-01
2475,6043179,2018-07-01
2476,6043179,2018-07-01
2477,6043179,2018-07-01
2478,6043179,2018-06-01
2479,6043179,2018-06-01
2480,6043179,2018-06-01
2481,6043179,2018-06-01
2482,6043179,2018-06-01
2483,6043179,2018-06-01
2484,6043179,2018-05-01
2485,6043179,2018-05-01
2486,6043179,2018-05-01
2487,6043179,2018-05-01
2488,6043179,2018-05-01
2489,6043179,2018-05-01
2490,6043179,2018-04-01
2491,6043179,2018-04-01
2492,6043179,2018-04-01
2493,6043179,2018-04-01
2494,6043179,2018-04-01
2495,6043179,2018-04-01
2496,6043179,2018-04-01
2497,6043179,2018-03-01
2498,6043179,2018-03-01
2499,6043179,2018-03-01
2500,6043179,2018-03-01
2501,6043179,2018-03-01
2502,6043179,2018-03-01
2503,6043179,2018-03-01
2504,6043179,2018-03-01
2505,6043179,2018-03-01
2506,6043179,2018-02-01
2507,6043179,2018-02-01
2508,6043179,2018-02-01
2509,6043179,2018-01-01
2510,6043179,2018-01-01
2511,6043179,2018-01-01
2512,6043179,2017-12-01
2513,6043179,2017-12-01
2514,6043179,2017-12-01
2515,6043179,2017-11-01
2516,6043179,2017-11-01
2517,6043179,2017-11-01
2518,6043179,2017-11-01
2519,6043179,2017-11-01
2520,6043179,2017-11-01
2521,6043179,2017-11-01
2522,6043179,2017-10-01
2523,6043179,2017-10-01
2524,6043179,2017-10-01
2525,6043179,2017-09-01
2526,6043179,2017-09-01
2527,6043179,2017-09-01
2528,6043179,2017-09-01
2529,6043179,2017-09-01
2530,6043179,2017-08-01
2531,6043179,2017-08-01
2532,6043179,2017-08-01
2533,6043179,2017-08-01
2534,6043179,2017-08-01
2535,6043179,2017-07-01
2536,6043179,2017-07-01
2537,6043179,2017-07-01
2538,6043179,2017-07-01
2539,6043179,2017-07-01
2540,6043179,2017-07-01
2541,6043179,2017-06-01
2542,6043179,2017-06-01
2543,6043179,2017-06-01
2544,6043179,2017-06-01
2545,6043179,2017-06-01
2546,6043179,2017-06-01
2547,6043179,2017-05-01
2548,6043179,2017-05-01
2549,6043179,2017-05-01
2550,6043179,2017-04-01
2551,6043179,2017-04-01
2552,6043179,2017-04-01
2553,6043179,2017-04-01
2554,6043179,2017-04-01
2555,6043179,2017-04-01
2556,6043179,2017-04-01
2557,6043179,2017-03-01
2558,6043179,2017-03-01
2559,6043179,2017-03-01
2560,6043179,2017-02-01
2561,6043179,2017-01-01
2562,6043179,2016-12-01
2563,6043179,2016-12-01
2564,6043179,2016-12-01
2565,6043179,2016-12-01
2566,6043179,2016-11-01
2567,6043179,2016-11-01
2568,6043179,2016-11-01
2569,6043179,2016-11-01
2570,6043179,2016-11-01
2571,6043179,2016-11-01
2572,6043179,2016-10-01
2573,6043179,2016-10-01
2574,6043179,2016-10-01
2575,6043179,2016-10-01
2576,6043179,2016-10-01
2577,6043179,2016-09-01
2578,6043179,2016-09-01
2579,6043179,2016-09-01
2580,6043179,2016-08-01
2581,6043179,2016-08-01
2582,6043179,2016-08-01
2583,6043179,2016-07-01
2584,6043179,2016-07-01
2585,6043179,2016-07-01
2586,6043179,2016-07-01
2587,6043179,2016-06-01
2588,6043179,2016-06-01
2589,6043179,2016-06-01
2590,6043179,2016-06-01
2591,6043179,2016-06-01
2592,6043179,2016-06-01
2593,6043179,2016-05-01
2594,6043179,2016-05-01
2595,6043179,2016-05-01
2596,6043179,2016-05-01
2597,6043179,2016-05-01
2598,6043179,2016-05-01
2599,6043179,2016-04-01
2600,6043179,2016-04-01
2601,6043179,2016-04-01
2602,6043179,2016-04-01
2603,6043179,2016-02-01
2604,6043179,2016-02-01
2605,6043179,2016-01-01
2606,6043179,2016-01-01
2607,6043179,2015-11-01
2608,6043179,2015-10-01
2609,6043179,2015-10-01
2610,6043179,2015-10-01
2611,6043179,2015-10-01
2612,6043179,2015-09-01
2613,6043179,2015-09-01
2614,6043179,2015-09-01
2615,6043179,2015-08-01
2616,6043179,2015-08-01
2617,6043179,2015-08-01
2618,6043179,2015-07-01
2619,6043179,2015-07-01
2620,6043179,2015-07-01
2621,22728880,2022-06-01
2622,22728880,2020-08-01
2623,22728880,2022-08-01
2624,22728880,2022-08-01
2625,22728880,2022-05-01
2626,22728880,2018-08-01
2627,22728880,2018-08-01
2628,6686610,2022-09-01
2629,6686610,2021-08-01
2630,6686610,2016-07-01
2631,6686610,2016-06-01
2632,6686610,2016-06-01
2633,6686610,2022-08-01
2634,6686610,2022-07-01
2635,6686610,2022-04-01
2636,6686610,2021-10-01
2637,6686610,2021-09-01
2638,6686610,2021-09-01
2639,6686610,2021-08-01
2640,6686610,2019-09-01
2641,6686610,2019-06-01
2642,6686610,2019-06-01
2643,6686610,2018-09-01
2644,6686610,2018-09-01
2645,6686610,2017-10-01
2646,6686610,2017-09-01
2647,6686610,2017-09-01
2648,6686610,2017-09-01
2649,6686610,2017-06-01
2650,6686610,2017-06-01
2651,6686610,2017-06-01
2652,6686610,2017-05-01
2653,6686610,2017-04-01
2654,6686610,2017-04-01
2655,6686610,2016-09-01
2656,6686610,2016-07-01
2657,6686610,2015-09-01
2658,6686610,2015-09-01
2659,6686610,2015-08-01
2660,26768069,2022-09-01
2661,26768069,2022-09-01
2662,26768069,2022-06-01
2663,26768069,2022-04-01
2664,26768069,2019-08-01
2665,26768069,2019-05-01
2666,26768069,2018-10-01
2667,26768069,2018-09-01
2668,26768069,2022-09-01
2669,26768069,2022-09-01
2670,26768069,2022-09-01
2671,26768069,2022-09-01
2672,26768069,2022-09-01
2673,26768069,2022-06-01
2674,26768069,2022-06-01
2675,26768069,2022-06-01
2676,26768069,2022-06-01
2677,26768069,2022-05-01
2678,26768069,2022-05-01
2679,26768069,2022-05-01
2680,26768069,2022-05-01
2681,26768069,2022-04-01
2682,26768069,2022-04-01
2683,26768069,2022-04-01
2684,26768069,2022-04-01
2685,26768069,2019-12-01
2686,26768069,2019-06-01
2687,26768069,2019-06-01
2688,26768069,2019-04-01
2689,26768069,2018-10-01
2690,26768069,2018-09-01
2691,26768069,2018-09-01
2692,26768069,2018-09-01
2693,26768069,2018-09-01
2694,26768069,2018-09-01
2695,4162317,2022-06-01
2696,4162317,2022-06-01
2697,4162317,2022-06-01
2698,4162317,2022-04-01
2699,4162317,2020-08-01
2700,4162317,2018-04-01
2701,4162317,2017-08-01
2702,4162317,2016-09-01
2703,4162317,2016-09-01
2704,4162317,2016-07-01
2705,4162317,2016-04-01
2706,4162317,2016-03-01
2707,4162317,2016-01-01
2708,4162317,2015-09-01
2709,4162317,2015-06-01
2710,4162317,2015-06-01
2711,4162317,2015-06-01
2712,4162317,2015-05-01
2713,4162317,2022-09-01
2714,4162317,2022-08-01
2715,4162317,2022-08-01
2716,4162317,2022-08-01
2717,4162317,2022-07-01
2718,4162317,2022-07-01
2719,4162317,2022-06-01
2720,4162317,2022-05-01
2721,4162317,2021-07-01
2722,4162317,2018-08-01
2723,4162317,2017-08-01
2724,4162317,2017-07-01
2725,4162317,2017-05-01
2726,4162317,2017-04-01
2727,4162317,2016-11-01
2728,4162317,2016-09-01
2729,4162317,2016-08-01
2730,4162317,2016-08-01
2731,4162317,2016-07-01
2732,4162317,2016-05-01
2733,4162317,2016-04-01
2734,4162317,2016-04-01
2735,4162317,2016-03-01
2736,4162317,2016-03-01
2737,4162317,2015-10-01
2738,4162317,2015-10-01
2739,4162317,2015-09-01
2740,4162317,2015-09-01
2741,4162317,2015-09-01
2742,4162317,2015-08-01
2743,4162317,2015-08-01
2744,4162317,2015-07-01
2745,4162317,2015-07-01
2746,4162317,2015-07-01
2747,4162317,2015-07-01
2748,4162317,2015-06-01
2749,4162317,2015-06-01
2750,4162317,2015-06-01
2751,4162317,2015-06-01
2752,4162317,2015-05-01
2753,4162317,2015-05-01
2754,4162317,2015-04-01
2755,4162317,2015-04-01
2756,4162317,2015-03-01
2757,11763110,2022-06-01
2758,11763110,2022-01-01
2759,11763110,2022-01-01
2760,11763110,2021-12-01
2761,11763110,2021-10-01
2762,11763110,2021-08-01
2763,11763110,2021-08-01
2764,11763110,2021-06-01
2765,11763110,2021-06-01
2766,11763110,2020-08-01
2767,11763110,2020-08-01
2768,11763110,2020-07-01
2769,11763110,2019-08-01
2770,11763110,2019-06-01
2771,11763110,2019-04-01
2772,11763110,2017-07-01
2773,11763110,2017-02-01
2774,11763110,2017-01-01
2775,11763110,2016-08-01
2776,11763110,2016-07-01
2777,11763110,2016-06-01
2778,11763110,2016-06-01
2779,11763110,2022-09-01
2780,11763110,2022-09-01
2781,11763110,2022-08-01
2782,11763110,2022-08-01
2783,11763110,2022-08-01
2784,11763110,2022-07-01
2785,11763110,2022-07-01
2786,11763110,2022-07-01
2787,11763110,2022-07-01
2788,11763110,2022-07-01
2789,11763110,2022-06-01
2790,11763110,2022-06-01
2791,11763110,2022-06-01
2792,11763110,2022-05-01
2793,11763110,2022-05-01
2794,11763110,2022-05-01
2795,11763110,2022-05-01
2796,11763110,2022-05-01
2797,11763110,2022-05-01
2798,11763110,2022-05-01
2799,11763110,2022-04-01
2800,11763110,2022-04-01
2801,11763110,2022-04-01
2802,11763110,2022-04-01
2803,11763110,2022-03-01
2804,11763110,2022-03-01
2805,11763110,2021-12-01
2806,11763110,2021-10-01
2807,11763110,2021-10-01
2808,11763110,2021-10-01
2809,11763110,2021-09-01
2810,11763110,2021-09-01
2811,11763110,2021-09-01
2812,11763110,2021-09-01
2813,11763110,2021-08-01
2814,11763110,2021-07-01
2815,11763110,2021-07-01
2816,11763110,2021-07-01
2817,11763110,2021-05-01
2818,11763110,2020-09-01
2819,11763110,2020-09-01
2820,11763110,2020-08-01
2821,11763110,2020-07-01
2822,11763110,2019-10-01
2823,11763110,2019-10-01
2824,11763110,2019-10-01
2825,11763110,2019-09-01
2826,11763110,2019-09-01
2827,11763110,2019-09-01
2828,11763110,2019-09-01
2829,11763110,2019-09-01
2830,11763110,2019-08-01
2831,11763110,2019-08-01
2832,11763110,2019-08-01
2833,11763110,2019-08-01
2834,11763110,2019-07-01
2835,11763110,2019-07-01
2836,11763110,2019-07-01
2837,11763110,2019-07-01
2838,11763110,2019-07-01
2839,11763110,2019-06-01
2840,11763110,2019-06-01
2841,11763110,2019-06-01
2842,11763110,2019-06-01
2843,11763110,2019-04-01
2844,11763110,2019-04-01
2845,11763110,2019-04-01
2846,11763110,2019-03-01
2847,11763110,2019-03-01
2848,11763110,2019-03-01
2849,11763110,2019-03-01
2850,11763110,2018-11-01
2851,11763110,2018-10-01
2852,11763110,2018-10-01
2853,11763110,2018-10-01
2854,11763110,2018-10-01
2855,11763110,2018-10-01
2856,11763110,2018-09-01
2857,11763110,2018-09-01
2858,11763110,2018-09-01
2859,11763110,2018-09-01
2860,11763110,2018-09-01
2861,11763110,2018-09-01
2862,11763110,2018-09-01
2863,11763110,2018-08-01
2864,11763110,2018-08-01
2865,11763110,2018-08-01
2866,11763110,2018-08-01
2867,11763110,2018-08-01
2868,11763110,2018-07-01
2869,11763110,2018-07-01
2870,11763110,2018-07-01
2871,11763110,2018-07-01
2872,11763110,2018-06-01
2873,11763110,2018-06-01
2874,11763110,2018-06-01
2875,11763110,2018-06-01
2876,11763110,2018-06-01
2877,11763110,2018-06-01
2878,11763110,2018-05-01
2879,11763110,2018-05-01
2880,11763110,2018-05-01
2881,11763110,2018-05-01
2882,11763110,2017-11-01
2883,11763110,2017-10-01
2884,11763110,2017-10-01
2885,11763110,2017-10-01
2886,11763110,2017-10-01
2887,11763110,2017-10-01
2888,11763110,2017-09-01
2889,11763110,2017-09-01
2890,11763110,2017-09-01
2891,11763110,2017-09-01
2892,11763110,2017-09-01
2893,11763110,2017-09-01
2894,11763110,2017-09-01
2895,11763110,2017-09-01
2896,11763110,2017-09-01
2897,11763110,2017-08-01
2898,11763110,2017-08-01
2899,11763110,2017-08-01
2900,11763110,2017-08-01
2901,11763110,2017-07-01
2902,11763110,2017-07-01
2903,11763110,2017-07-01
2904,11763110,2017-07-01
2905,11763110,2017-07-01
2906,11763110,2017-07-01
2907,11763110,2017-06-01
2908,11763110,2017-06-01
2909,11763110,2017-06-01
2910,11763110,2017-06-01
2911,11763110,2017-06-01
2912,11763110,2017-05-01
2913,11763110,2017-05-01
2914,11763110,2017-05-01
2915,11763110,2017-05-01
2916,11763110,2017-05-01
2917,11763110,2017-04-01
2918,11763110,2017-04-01
2919,11763110,2017-04-01
2920,11763110,2017-04-01
2921,11763110,2017-04-01
2922,11763110,2017-04-01
2923,11763110,2017-03-01
2924,11763110,2017-03-01
2925,11763110,2017-03-01
2926,11763110,2017-03-01
2927,11763110,2017-01-01
2928,11763110,2016-11-01
2929,11763110,2016-11-01
2930,11763110,2016-11-01
2931,11763110,2016-10-01
2932,11763110,2016-10-01
2933,11763110,2016-10-01
2934,11763110,2016-10-01
2935,11763110,2016-09-01
2936,11763110,2016-09-01
2937,11763110,2016-09-01
2938,11763110,2016-09-01
2939,11763110,2016-09-01
2940,11763110,2016-09-01
2941,11763110,2016-09-01
2942,11763110,2016-08-01
2943,11763110,2016-08-01
2944,11763110,2016-08-01
2945,11763110,2016-08-01
2946,11763110,2016-08-01
2947,11763110,2016-07-01
2948,11763110,2016-07-01
2949,11763110,2016-07-01
2950,11763110,2016-07-01
2951,11763110,2016-07-01
2952,11763110,2016-06-01
2953,11763110,2016-06-01
2954,11763110,2016-06-01
2955,11763110,2016-06-01
2956,11763110,2016-06-01
2957,11763110,2016-06-01
2958,11763110,2016-06-01
2959,11763110,2016-05-01
2960,11763110,2016-05-01
2961,11763110,2016-05-01
2962,11763110,2016-05-01
2963,11763110,2016-05-01
2964,11763110,2016-05-01
2965,11763110,2016-04-01
2966,11763110,2016-04-01
2967,11755817,2016-08-01
2968,11755817,2016-08-01
2969,11755817,2017-05-01
2970,11755817,2017-04-01
2971,11755817,2016-07-01
2972,659413838210503919,2022-08-01
2973,659413838210503919,2022-07-01
2974,589770836982941169,2022-05-01
2975,39001334,2022-08-01
2976,39001334,2022-07-01
2977,39001334,2022-07-01
2978,39001334,2022-06-01
2979,39001334,2022-06-01
2980,39001334,2022-04-01
2981,39001334,2022-04-01
2982,39001334,2022-04-01
2983,39001334,2022-04-01
2984,39001334,2021-10-01
2985,39001334,2021-07-01
2986,39001334,2021-07-01
2987,39001334,2021-07-01
2988,39001334,2021-07-01
2989,39001334,2021-06-01
2990,39001334,2021-06-01
2991,39001334,2021-06-01
2992,39001334,2021-06-01
2993,39001334,2021-06-01
2994,39001334,2020-09-01
2995,39001334,2020-09-01
2996,39001334,2020-09-01
2997,39001334,2020-09-01
2998,39001334,2020-09-01
2999,39001334,2020-08-01
3000,39001334,2020-08-01
3001,39001334,2019-10-01
3002,39001334,2022-09-01
3003,39001334,2022-09-01
3004,39001334,2022-07-01
3005,39001334,2022-07-01
3006,39001334,2022-06-01
3007,39001334,2022-06-01
3008,39001334,2022-06-01
3009,39001334,2022-05-01
3010,39001334,2022-05-01
3011,39001334,2022-05-01
3012,39001334,2022-01-01
3013,39001334,2021-11-01
3014,39001334,2021-10-01
3015,39001334,2021-10-01
3016,39001334,2021-09-01
3017,39001334,2021-09-01
3018,39001334,2021-08-01
3019,39001334,2019-10-01
3020,10845905,2022-07-01
3021,10845905,2022-06-01
3022,10845905,2022-05-01
3023,10845905,2021-06-01
3024,10845905,2021-06-01
3025,10845905,2020-10-01
3026,10845905,2020-09-01
3027,10845905,2020-09-01
3028,10845905,2020-08-01
3029,10845905,2020-07-01
3030,10845905,2020-06-01
3031,10845905,2019-09-01
3032,10845905,2019-03-01
3033,10845905,2018-09-01
3034,10845905,2022-09-01
3035,10845905,2022-09-01
3036,10845905,2022-08-01
3037,10845905,2022-08-01
3038,10845905,2022-07-01
3039,10845905,2022-07-01
3040,10845905,2022-07-01
3041,10845905,2022-07-01
3042,10845905,2022-07-01
3043,10845905,2022-06-01
3044,10845905,2022-06-01
3045,10845905,2022-06-01
3046,10845905,2022-06-01
3047,10845905,2022-05-01
3048,10845905,2022-05-01
3049,10845905,2022-04-01
3050,10845905,2021-10-01
3051,10845905,2021-09-01
3052,10845905,2021-09-01
3053,10845905,2021-09-01
3054,10845905,2021-08-01
3055,10845905,2021-07-01
3056,10845905,2020-10-01
3057,10845905,2020-09-01
3058,10845905,2020-08-01
3059,10845905,2020-08-01
3060,10845905,2020-07-01
3061,10845905,2019-09-01
3062,10845905,2019-09-01
3063,10845905,2019-09-01
3064,10845905,2019-09-01
3065,10845905,2019-08-01
3066,10845905,2019-08-01
3067,10845905,2019-07-01
3068,10845905,2019-07-01
3069,10845905,2019-06-01
3070,10845905,2019-06-01
3071,10845905,2019-04-01
3072,10845905,2019-03-01
3073,10845905,2019-03-01
3074,10845905,2018-09-01
3075,10845905,2018-09-01
3076,10845905,2018-08-01
3077,10845905,2018-08-01
3078,10845905,2018-08-01
3079,10845905,2018-07-01
3080,10845905,2018-06-01
3081,10845905,2018-05-01
3082,10845905,2018-05-01
3083,10845905,2018-05-01
3084,10845905,2018-05-01
3085,10845905,2018-04-01
3086,10845905,2018-04-01
3087,10845905,2018-01-01
3088,10845905,2017-12-01
3089,10845905,2017-12-01
3090,10845905,2017-09-01
3091,10845905,2017-09-01
3092,10845905,2017-09-01
3093,10845905,2016-08-01
3094,10845905,2016-05-01
3095,10845905,2016-05-01
3096,10845905,2016-05-01
3097,10845905,2016-05-01
3098,10845905,2016-04-01
3099,10845905,2016-03-01
3100,17713486,2022-05-01
3101,17713486,2022-04-01
3102,17713486,2022-03-01
3103,17713486,2021-10-01
3104,17713486,2021-05-01
3105,17713486,2020-08-01
3106,17713486,2020-08-01
3107,17713486,2020-07-01
3108,17713486,2019-05-01
3109,17713486,2019-04-01
3110,17713486,2019-04-01
3111,17713486,2019-04-01
3112,17713486,2019-02-01
3113,17713486,2018-08-01
3114,17713486,2018-04-01
3115,17713486,2018-01-01
3116,17713486,2017-09-01
3117,17713486,2017-06-01
3118,17713486,2017-05-01
3119,17713486,2017-05-01
3120,17713486,2017-04-01
3121,17713486,2022-09-01
3122,17713486,2022-08-01
3123,17713486,2022-07-01
3124,17713486,2022-07-01
3125,17713486,2022-05-01
3126,17713486,2022-04-01
3127,17713486,2022-02-01
3128,17713486,2022-02-01
3129,17713486,2022-02-01
3130,17713486,2021-10-01
3131,17713486,2021-10-01
3132,17713486,2021-06-01
3133,17713486,2020-10-01
3134,17713486,2020-09-01
3135,17713486,2020-09-01
3136,17713486,2020-09-01
3137,17713486,2020-06-01
3138,17713486,2020-02-01
3139,17713486,2020-02-01
3140,17713486,2020-02-01
3141,17713486,2020-01-01
3142,17713486,2019-12-01
3143,17713486,2019-11-01
3144,17713486,2019-11-01
3145,17713486,2019-11-01
3146,17713486,2019-10-01
3147,17713486,2019-10-01
3148,17713486,2019-09-01
3149,17713486,2019-09-01
3150,17713486,2019-08-01
3151,17713486,2019-08-01
3152,17713486,2019-07-01
3153,17713486,2019-07-01
3154,17713486,2019-07-01
3155,17713486,2019-07-01
3156,17713486,2019-07-01
3157,17713486,2019-06-01
3158,17713486,2019-06-01
3159,17713486,2019-06-01
3160,17713486,2019-06-01
3161,17713486,2019-06-01
3162,17713486,2019-06-01
3163,17713486,2019-06-01
3164,17713486,2019-05-01
3165,17713486,2019-05-01
3166,17713486,2019-05-01
3167,17713486,2019-05-01
3168,17713486,2019-05-01
3169,17713486,2019-05-01
3170,17713486,2019-05-01
3171,17713486,2019-05-01
3172,17713486,2019-05-01
3173,17713486,2019-04-01
3174,17713486,2019-04-01
3175,17713486,2019-04-01
3176,17713486,2019-04-01
3177,17713486,2019-03-01
3178,17713486,2019-03-01
3179,17713486,2019-03-01
3180,17713486,2019-02-01
3181,17713486,2018-12-01
3182,17713486,2018-12-01
3183,17713486,2018-11-01
3184,17713486,2018-11-01
3185,17713486,2018-10-01
3186,17713486,2018-10-01
3187,17713486,2018-10-01
3188,17713486,2018-10-01
3189,17713486,2018-10-01
3190,17713486,2018-10-01
3191,17713486,2018-10-01
3192,17713486,2018-10-01
3193,17713486,2018-10-01
3194,17713486,2018-10-01
3195,17713486,2018-09-01
3196,17713486,2018-09-01
3197,17713486,2018-09-01
3198,17713486,2018-09-01
3199,17713486,2018-09-01
3200,17713486,2018-09-01
3201,17713486,2018-09-01
3202,17713486,2018-09-01
3203,17713486,2018-08-01
3204,17713486,2018-08-01
3205,17713486,2018-08-01
3206,17713486,2018-07-01
3207,17713486,2018-07-01
3208,17713486,2018-06-01
3209,17713486,2018-06-01
3210,17713486,2018-06-01
3211,17713486,2018-05-01
3212,17713486,2018-05-01
3213,17713486,2018-05-01
3214,17713486,2018-05-01
3215,17713486,2018-05-01
3216,17713486,2018-05-01
3217,17713486,2018-04-01
3218,17713486,2018-04-01
3219,17713486,2018-04-01
3220,17713486,2018-04-01
3221,17713486,2018-03-01
3222,17713486,2018-03-01
3223,17713486,2017-10-01
3224,17713486,2017-10-01
3225,17713486,2017-10-01
3226,17713486,2017-10-01
3227,17713486,2017-09-01
3228,17713486,2017-09-01
3229,17713486,2017-09-01
3230,17713486,2017-08-01
3231,17713486,2017-08-01
3232,17713486,2017-08-01
3233,17713486,2017-07-01
3234,17713486,2017-07-01
3235,17713486,2017-07-01
3236,17713486,2017-06-01
3237,17713486,2017-06-01
3238,17713486,2017-06-01
3239,17713486,2017-06-01
3240,17713486,2017-06-01
3241,17713486,2017-05-01
3242,17713486,2017-05-01
3243,17713486,2017-05-01
3244,17713486,2017-05-01
3245,17713486,2017-05-01
3246,17713486,2017-04-01
3247,17713486,2017-04-01
3248,17713486,2017-04-01
3249,17713486,2017-04-01
3250,18327785,2018-04-01
3251,18327785,2017-07-01
3252,18327785,2022-05-01
3253,18327785,2022-05-01
3254,18327785,2022-05-01
3255,18327785,2021-11-01
3256,18327785,2021-11-01
3257,18327785,2021-06-01
3258,18327785,2021-05-01
3259,18327785,2021-05-01
3260,18327785,2020-09-01
3261,18327785,2020-09-01
3262,18327785,2020-07-01
3263,18327785,2019-10-01
3264,18327785,2019-10-01
3265,18327785,2019-10-01
3266,18327785,2019-08-01
3267,18327785,2019-08-01
3268,18327785,2019-07-01
3269,18327785,2019-07-01
3270,18327785,2019-06-01
3271,18327785,2019-06-01
3272,18327785,2019-06-01
3273,18327785,2019-06-01
3274,18327785,2019-06-01
3275,18327785,2019-06-01
3276,18327785,2019-05-01
3277,18327785,2019-05-01
3278,18327785,2019-04-01
3279,18327785,2019-04-01
3280,18327785,2018-11-01
3281,18327785,2018-10-01
3282,18327785,2018-10-01
3283,18327785,2018-09-01
3284,18327785,2018-09-01
3285,18327785,2018-09-01
3286,18327785,2018-09-01
3287,18327785,2018-09-01
3288,18327785,2018-08-01
3289,18327785,2018-07-01
3290,18327785,2018-06-01
3291,18327785,2018-05-01
3292,18327785,2018-05-01
3293,18327785,2017-07-01
3294,25026474,2022-09-01
3295,25026474,2022-09-01
3296,25026474,2022-08-01
3297,25026474,2022-07-01
3298,25026474,2022-07-01
3299,25026474,2022-06-01
3300,25026474,2022-04-01
3301,25026474,2022-03-01
3302,25026474,2022-03-01
3303,25026474,2022-03-01
3304,25026474,2022-01-01
3305,25026474,2021-12-01
3306,25026474,2021-09-01
3307,25026474,2021-08-01
3308,25026474,2021-06-01
3309,25026474,2020-10-01
3310,25026474,2020-03-01
3311,25026474,2020-01-01
3312,25026474,2019-06-01
3313,25026474,2019-04-01
3314,25026474,2019-01-01
3315,25026474,2019-01-01
3316,25026474,2018-11-01
3317,25026474,2018-09-01
3318,25026474,2018-09-01
3319,25026474,2018-06-01
3320,25026474,2018-06-01
3321,25026474,2022-09-01
3322,25026474,2022-08-01
3323,25026474,2022-06-01
3324,25026474,2022-05-01
3325,25026474,2022-05-01
3326,25026474,2022-05-01
3327,25026474,2022-05-01
3328,25026474,2022-05-01
3329,25026474,2022-04-01
3330,25026474,2022-04-01
3331,25026474,2022-03-01
3332,25026474,2021-10-01
3333,25026474,2021-10-01
3334,25026474,2021-09-01
3335,25026474,2021-08-01
3336,25026474,2021-06-01
3337,25026474,2021-06-01
3338,25026474,2020-10-01
3339,25026474,2020-09-01
3340,25026474,2020-09-01
3341,25026474,2019-11-01
3342,25026474,2019-10-01
3343,25026474,2019-10-01
3344,25026474,2019-09-01
3345,25026474,2019-09-01
3346,25026474,2019-06-01
3347,25026474,2019-05-01
3348,25026474,2019-03-01
3349,25026474,2018-06-01
3350,51036898,2021-08-01
3351,51036898,2021-08-01
3352,51036898,2022-09-01
3353,51036898,2022-09-01
3354,51036898,2022-09-01
3355,51036898,2022-08-01
3356,51036898,2022-08-01
3357,51036898,2022-07-01
3358,51036898,2022-07-01
3359,51036898,2022-06-01
3360,51036898,2022-06-01
3361,51036898,2022-06-01
3362,51036898,2022-05-01
3363,51036898,2022-05-01
3364,51036898,2022-05-01
3365,51036898,2022-05-01
3366,51036898,2022-04-01
3367,51036898,2022-04-01
3368,51036898,2022-04-01
3369,51036898,2022-04-01
3370,51036898,2021-10-01
3371,51036898,2021-10-01
3372,51036898,2021-10-01
3373,51036898,2021-09-01
3374,51036898,2021-09-01
3375,51036898,2021-08-01
3376,51036898,2021-08-01
3377,51036898,2021-08-01
3378,44694694,2022-08-01
3379,44694694,2022-06-01
3380,44694694,2022-06-01
3381,44694694,2022-05-01
3382,44694694,2022-04-01
3383,44694694,2021-11-01
3384,44694694,2021-09-01
3385,44694694,2021-05-01
3386,44694694,2020-09-01
3387,44694694,2020-09-01
3388,44694694,2020-08-01
3389,44694694,2022-09-01
3390,44694694,2022-09-01
3391,44694694,2022-09-01
3392,44694694,2022-09-01
3393,44694694,2022-09-01
3394,44694694,2022-08-01
3395,44694694,2022-08-01
3396,44694694,2022-08-01
3397,44694694,2022-08-01
3398,44694694,2022-08-01
3399,44694694,2022-08-01
3400,44694694,2022-08-01
3401,44694694,2022-07-01
3402,44694694,2022-07-01
3403,44694694,2022-06-01
3404,44694694,2022-06-01
3405,44694694,2022-06-01
3406,44694694,2022-06-01
3407,44694694,2022-06-01
3408,44694694,2022-05-01
3409,44694694,2022-05-01
3410,44694694,2022-05-01
3411,44694694,2022-05-01
3412,44694694,2022-05-01
3413,44694694,2022-04-01
3414,44694694,2022-04-01
3415,44694694,2022-04-01
3416,44694694,2022-04-01
3417,44694694,2022-04-01
3418,44694694,2021-10-01
3419,44694694,2021-10-01
3420,44694694,2021-10-01
3421,44694694,2021-10-01
3422,44694694,2021-09-01
3423,44694694,2021-09-01
3424,44694694,2021-09-01
3425,44694694,2021-09-01
3426,44694694,2021-09-01
3427,44694694,2021-08-01
3428,44694694,2021-08-01
3429,44694694,2021-08-01
3430,44694694,2021-08-01
3431,44694694,2021-07-01
3432,44694694,2021-07-01
3433,44694694,2021-07-01
3434,44694694,2021-07-01
3435,44694694,2021-07-01
3436,44694694,2021-06-01
3437,44694694,2021-06-01
3438,44694694,2020-10-01
3439,44694694,2020-10-01
3440,44694694,2020-09-01
3441,44694694,2020-09-01
3442,44694694,2020-09-01
3443,44694694,2020-09-01
3444,44694694,2020-09-01
3445,44694694,2020-09-01
3446,3323427,2022-08-01
3447,3323427,2022-08-01
3448,3323427,2019-07-01
3449,3323427,2018-09-01
3450,3323427,2018-09-01
3451,3323427,2018-07-01
3452,3323427,2015-08-01
3453,3323427,2022-09-01
3454,3323427,2022-08-01
3455,3323427,2022-08-01
3456,3323427,2022-07-01
3457,3323427,2022-06-01
3458,3323427,2022-06-01
3459,3323427,2022-06-01
3460,3323427,2022-05-01
3461,3323427,2021-10-01
3462,3323427,2021-09-01
3463,3323427,2021-08-01
3464,3323427,2021-08-01
3465,3323427,2021-08-01
3466,3323427,2019-09-01
3467,3323427,2019-09-01
3468,3323427,2019-08-01
3469,3323427,2019-07-01
3470,3323427,2019-06-01
3471,3323427,2019-06-01
3472,3323427,2019-05-01
3473,3323427,2019-04-01
3474,3323427,2019-04-01
3475,3323427,2018-09-01
3476,3323427,2018-09-01
3477,3323427,2018-09-01
3478,3323427,2018-08-01
3479,3323427,2018-08-01
3480,3323427,2018-07-01
3481,3323427,2018-07-01
3482,3323427,2018-06-01
3483,3323427,2018-05-01
3484,3323427,2018-05-01
3485,3323427,2017-09-01
3486,49183951,2022-08-01
3487,49183951,2021-06-01
3488,49183951,2022-09-01
3489,49183951,2022-09-01
3490,49183951,2022-09-01
3491,49183951,2022-09-01
3492,49183951,2022-08-01
3493,49183951,2022-08-01
3494,49183951,2022-08-01
3495,49183951,2022-08-01
3496,49183951,2022-08-01
3497,49183951,2022-07-01
3498,49183951,2022-07-01
3499,49183951,2022-07-01
3500,49183951,2022-07-01
3501,49183951,2022-07-01
3502,49183951,2022-07-01
3503,49183951,2022-06-01
3504,49183951,2022-06-01
3505,49183951,2022-06-01
3506,49183951,2022-06-01
3507,49183951,2022-06-01
3508,49183951,2022-06-01
3509,49183951,2022-05-01
3510,49183951,2022-05-01
3511,49183951,2022-05-01
3512,49183951,2022-04-01
3513,49183951,2022-04-01
3514,49183951,2021-08-01
3515,49183951,2021-08-01
3516,49183951,2021-06-01
3517,49183951,2021-06-01
